name,email,password
"Jovani Braun",jovani.braun@qtech.dev,pwd123
"Rubie Stiedemann",rubie.stiedemann20@qtech.dev,pwd123
"Octavia Mohr",octavia.mohr94@qtech.dev,pwd123
"Gennaro Schroeder",gennaro.schroeder42@qtech.dev,pwd123
"Hollis Miller",hollis.miller11@qtech.dev,pwd123
"Hertha Weimann",hertha_weimann7@qtech.dev,pwd123
"Lincoln Donnelly",lincoln_donnelly@qtech.dev,pwd123
"Sigmund Rutherford",sigmund.rutherford97@qtech.dev,pwd123
"Eliezer Mertz",eliezer_mertz@qtech.dev,pwd123
"Santiago Powlowski",santiago_powlowski@qtech.dev,pwd123
"Aglae Renner",aglae.renner@qtech.dev,pwd123
"Mallie Davis",mallie_davis@qtech.dev,pwd123
"Chadrick Mertz",chadrick.mertz18@qtech.dev,pwd123
"Toby Aufderhar",toby_aufderhar66@qtech.dev,pwd123
"Milan Orn",milan.orn63@qtech.dev,pwd123
"Terrence Jacobson",terrence.jacobson78@qtech.dev,pwd123
"Bobbie Kreiger",bobbie.kreiger83@qtech.dev,pwd123
"Victoria Zboncak",victoria.zboncak37@qtech.dev,pwd123
"Grady Wyman",grady.wyman@qtech.dev,pwd123
"Camilla Okuneva",camilla.okuneva23@qtech.dev,pwd123
"Lexi Torphy",lexi.torphy52@qtech.dev,pwd123
"Kattie Dickinson",kattie.dickinson@qtech.dev,pwd123
"Jaycee Deckow",jaycee.deckow@qtech.dev,pwd123
"Ambrose Armstrong",ambrose.armstrong97@qtech.dev,pwd123
"Randal Goodwin",randal.goodwin@qtech.dev,pwd123
"Zachery Blick",zachery.blick35@qtech.dev,pwd123
"Diego Bahringer",diego.bahringer@qtech.dev,pwd123
"Ferne Cronin",ferne_cronin33@qtech.dev,pwd123
"Bridget Weber",bridget_weber90@qtech.dev,pwd123
"Ellis Bins",ellis.bins13@qtech.dev,pwd123
"Sydnee Breitenberg",sydnee.breitenberg21@qtech.dev,pwd123
"Tressie Rath",tressie.rath7@qtech.dev,pwd123
"Kennedy Braun",kennedy.braun@qtech.dev,pwd123
"Percival Mraz",percival_mraz59@qtech.dev,pwd123
"Elaina Legros",elaina_legros@qtech.dev,pwd123
"Torrance Breitenberg",torrance_breitenberg@qtech.dev,pwd123
"Theron Ziemann",theron.ziemann@qtech.dev,pwd123
"Deborah Kuphal",deborah_kuphal69@qtech.dev,pwd123
"Makenzie Parisian",makenzie.parisian@qtech.dev,pwd123
"Johnpaul Wilderman",johnpaul_wilderman@qtech.dev,pwd123
"Marcos O'Reilly",marcos_oreilly23@qtech.dev,pwd123
"Jana Lowe",jana_lowe@qtech.dev,pwd123
"Lonny Hodkiewicz",lonny_hodkiewicz99@qtech.dev,pwd123
"Bell Thiel-Gerhold",bell_thiel-gerhold20@qtech.dev,pwd123
"Alysa Funk",alysa_funk@qtech.dev,pwd123
"Eloy Bartoletti",eloy_bartoletti7@qtech.dev,pwd123
"Orin Upton",orin.upton@qtech.dev,pwd123
"Josiah Crooks",josiah.crooks@qtech.dev,pwd123
"Lavada Mayer",lavada.mayer97@qtech.dev,pwd123
"Brant Kemmer",brant_kemmer@qtech.dev,pwd123
"Irving Cummings",irving_cummings@qtech.dev,pwd123
"Camilla Gutmann",camilla.gutmann@qtech.dev,pwd123
"Stephany Bahringer",stephany_bahringer@qtech.dev,pwd123
"Diana Yundt",diana.yundt4@qtech.dev,pwd123
"Germaine Batz",germaine_batz@qtech.dev,pwd123
"Pansy Hackett",pansy_hackett83@qtech.dev,pwd123
"Cale Abbott",cale.abbott@qtech.dev,pwd123
"Marilou Bayer",marilou_bayer@qtech.dev,pwd123
"Roger Turner",roger.turner67@qtech.dev,pwd123
"Delphia Leffler",delphia_leffler7@qtech.dev,pwd123
"Kody Schimmel",kody.schimmel@qtech.dev,pwd123
"Wayne Lind",wayne_lind60@qtech.dev,pwd123
"Priscilla Goyette",priscilla_goyette48@qtech.dev,pwd123
"Helga Dickinson",helga.dickinson84@qtech.dev,pwd123
"Kelly Koss",kelly.koss@qtech.dev,pwd123
"Elwyn Mosciski",elwyn_mosciski@qtech.dev,pwd123
"Alan Barton",alan_barton@qtech.dev,pwd123
"Jaron Jacobi-Nikolaus",jaron_jacobi-nikolaus@qtech.dev,pwd123
"Idell Schuster",idell.schuster@qtech.dev,pwd123
"Harry Berge",harry.berge@qtech.dev,pwd123
"Kari Gutkowski",kari_gutkowski@qtech.dev,pwd123
"Garfield King-Greenholt",garfield_king-greenholt@qtech.dev,pwd123
"Enoch Batz-Gleichner",enoch.batz-gleichner@qtech.dev,pwd123
"Dee Schiller",dee_schiller67@qtech.dev,pwd123
"Ubaldo Brown",ubaldo_brown@qtech.dev,pwd123
"Eloise Lind",eloise_lind@qtech.dev,pwd123
"Peyton Wolf",peyton.wolf17@qtech.dev,pwd123
"Orlo Nicolas-Upton",orlo.nicolas-upton@qtech.dev,pwd123
"Marion Beier",marion.beier@qtech.dev,pwd123
"Eugenia Sauer",eugenia_sauer@qtech.dev,pwd123
"Saige Gottlieb",saige_gottlieb62@qtech.dev,pwd123
"Louisa Kilback",louisa_kilback24@qtech.dev,pwd123
"Estel Dach",estel.dach32@qtech.dev,pwd123
"Monty Marquardt",monty_marquardt8@qtech.dev,pwd123
"Heath O'Kon",heath.okon79@qtech.dev,pwd123
"Cristal Dickinson",cristal_dickinson@qtech.dev,pwd123
"Emilie Cremin",emilie_cremin@qtech.dev,pwd123
"Assunta Schimmel-Kunde",assunta.schimmel-kunde76@qtech.dev,pwd123
"Nannie Witting",nannie_witting48@qtech.dev,pwd123
"Grover Reinger",grover_reinger@qtech.dev,pwd123
"Rafaela Keeling-Muller",rafaela.keeling-muller@qtech.dev,pwd123
"Tessie Dibbert",tessie_dibbert@qtech.dev,pwd123
"Jessie Powlowski",jessie_powlowski@qtech.dev,pwd123
"Felicita Gleason",felicita.gleason@qtech.dev,pwd123
"Delfina Cronin",delfina_cronin67@qtech.dev,pwd123
"Brett Armstrong",brett.armstrong3@qtech.dev,pwd123
"Janae Bosco",janae_bosco92@qtech.dev,pwd123
"Savion Smitham",savion_smitham@qtech.dev,pwd123
"Edgardo Wintheiser",edgardo.wintheiser@qtech.dev,pwd123
"Bettye Kuvalis",bettye_kuvalis81@qtech.dev,pwd123
"Cristal Crist",cristal.crist@qtech.dev,pwd123
"Bernardo Monahan",bernardo_monahan88@qtech.dev,pwd123
"Christa Kulas",christa.kulas@qtech.dev,pwd123
"Dannie Robel",dannie_robel@qtech.dev,pwd123
"Chanel Johns",chanel_johns75@qtech.dev,pwd123
"Kathryn Farrell",kathryn_farrell96@qtech.dev,pwd123
"Judah Bartell",judah.bartell@qtech.dev,pwd123
"Ali Larson-Stracke",ali.larson-stracke21@qtech.dev,pwd123
"Judy Cruickshank",judy_cruickshank@qtech.dev,pwd123
"Genesis Lehner",genesis_lehner69@qtech.dev,pwd123
"Jessyca Murphy",jessyca_murphy@qtech.dev,pwd123
"Mariana Sanford",mariana.sanford@qtech.dev,pwd123
"Melyna Stracke",melyna.stracke15@qtech.dev,pwd123
"Kim Marvin-Nolan",kim.marvin-nolan@qtech.dev,pwd123
"Reilly Zboncak",reilly.zboncak@qtech.dev,pwd123
"Marta Zieme",marta_zieme76@qtech.dev,pwd123
"Neoma Lesch",neoma.lesch@qtech.dev,pwd123
"Wava Morar",wava_morar36@qtech.dev,pwd123
"Adrain Lind",adrain.lind@qtech.dev,pwd123
"Roma Anderson",roma.anderson@qtech.dev,pwd123
"Patience Borer",patience.borer84@qtech.dev,pwd123
"Garrison Simonis-Mante",garrison.simonis-mante88@qtech.dev,pwd123
"Lorna Borer",lorna_borer@qtech.dev,pwd123
"Sabina Marvin",sabina_marvin35@qtech.dev,pwd123
"George Tromp",george_tromp80@qtech.dev,pwd123
"Lucile Olson",lucile.olson@qtech.dev,pwd123
"Eryn Gorczany",eryn_gorczany@qtech.dev,pwd123
"Jadyn Windler",jadyn.windler24@qtech.dev,pwd123
"Jordan Kohler",jordan.kohler62@qtech.dev,pwd123
"Keeley Hickle",keeley_hickle@qtech.dev,pwd123
"Van Schuster",van.schuster84@qtech.dev,pwd123
"Dangelo Parisian",dangelo.parisian@qtech.dev,pwd123
"Remington Harber",remington.harber@qtech.dev,pwd123
"Mark Kutch",mark_kutch@qtech.dev,pwd123
"Kody Batz",kody.batz46@qtech.dev,pwd123
"Brian Considine-Howe",brian.considine-howe16@qtech.dev,pwd123
"Garnett Frami",garnett_frami@qtech.dev,pwd123
"Kameron Quitzon-Russel",kameron_quitzon-russel@qtech.dev,pwd123
"Lou Cruickshank",lou_cruickshank@qtech.dev,pwd123
"Columbus Abbott",columbus_abbott97@qtech.dev,pwd123
"Margie Hettinger",margie_hettinger26@qtech.dev,pwd123
"Cade Howe",cade.howe@qtech.dev,pwd123
"Brionna Ankunding",brionna.ankunding@qtech.dev,pwd123
"Beulah Kemmer",beulah.kemmer@qtech.dev,pwd123
"Alphonso Kuvalis",alphonso_kuvalis@qtech.dev,pwd123
"Lane Nitzsche",lane.nitzsche@qtech.dev,pwd123
"Emery Nienow",emery_nienow78@qtech.dev,pwd123
"Lavon Goodwin-Bode",lavon.goodwin-bode72@qtech.dev,pwd123
"Eleanore Von",eleanore.von68@qtech.dev,pwd123
"Olaf Wunsch",olaf.wunsch@qtech.dev,pwd123
"Adah Metz",adah_metz97@qtech.dev,pwd123
"Kaci Kiehn",kaci_kiehn94@qtech.dev,pwd123
"Hildegard Olson",hildegard_olson@qtech.dev,pwd123
"Carmelo Stoltenberg",carmelo.stoltenberg41@qtech.dev,pwd123
"Pattie Kshlerin",pattie_kshlerin27@qtech.dev,pwd123
"Euna O'Conner",euna_oconner@qtech.dev,pwd123
"Mckenzie Schimmel",mckenzie_schimmel@qtech.dev,pwd123
"Sid Olson",sid.olson58@qtech.dev,pwd123
"Kenya Schumm",kenya.schumm9@qtech.dev,pwd123
"Stephan Smith",stephan.smith@qtech.dev,pwd123
"Cielo Nikolaus",cielo.nikolaus99@qtech.dev,pwd123
"Eudora Paucek",eudora_paucek31@qtech.dev,pwd123
"Gladyce Fritsch",gladyce_fritsch@qtech.dev,pwd123
"Milan Zulauf",milan_zulauf58@qtech.dev,pwd123
"Uriel Fisher",uriel_fisher87@qtech.dev,pwd123
"Dandre Cummerata",dandre.cummerata@qtech.dev,pwd123
"Damian Friesen",damian_friesen91@qtech.dev,pwd123
"Dina Koss",dina_koss99@qtech.dev,pwd123
"William Borer",william_borer@qtech.dev,pwd123
"Katelyn Wilkinson",katelyn.wilkinson@qtech.dev,pwd123
"Madilyn Gottlieb",madilyn.gottlieb@qtech.dev,pwd123
"Tyler Hyatt",tyler.hyatt90@qtech.dev,pwd123
"Hunter Schumm",hunter.schumm83@qtech.dev,pwd123
"Ludie Breitenberg",ludie_breitenberg@qtech.dev,pwd123
"Stephan Jerde",stephan_jerde@qtech.dev,pwd123
"Rosella Renner",rosella.renner53@qtech.dev,pwd123
"Raoul Cartwright",raoul.cartwright@qtech.dev,pwd123
"Deontae O'Reilly",deontae.oreilly@qtech.dev,pwd123
"Hermina Lueilwitz",hermina_lueilwitz@qtech.dev,pwd123
"Ryley Cronin",ryley.cronin61@qtech.dev,pwd123
"Fabiola Stokes",fabiola.stokes@qtech.dev,pwd123
"Lemuel Breitenberg",lemuel.breitenberg@qtech.dev,pwd123
"Deshawn Boyer",deshawn_boyer68@qtech.dev,pwd123
"Aletha Mayer",aletha.mayer@qtech.dev,pwd123
"Jevon Feest",jevon.feest75@qtech.dev,pwd123
"Abel Lueilwitz",abel_lueilwitz25@qtech.dev,pwd123
"Delilah Sauer",delilah_sauer@qtech.dev,pwd123
"Kenyon Rath",kenyon.rath87@qtech.dev,pwd123
"Eldora Wehner",eldora_wehner@qtech.dev,pwd123
"Marilie Tillman",marilie.tillman@qtech.dev,pwd123
"Edmond Graham",edmond_graham20@qtech.dev,pwd123
"Gayle Hermann",gayle_hermann32@qtech.dev,pwd123
"Clair Schumm",clair_schumm2@qtech.dev,pwd123
"Carrie Schumm",carrie.schumm88@qtech.dev,pwd123
"Nellie Barrows",nellie.barrows35@qtech.dev,pwd123
"Hettie Blanda",hettie.blanda17@qtech.dev,pwd123
"Alfonso Krajcik",alfonso.krajcik@qtech.dev,pwd123
"Reyes Kassulke",reyes.kassulke45@qtech.dev,pwd123
"Jayson Prohaska",jayson_prohaska@qtech.dev,pwd123
"Garry Kemmer",garry_kemmer@qtech.dev,pwd123
"Demarco Cummerata",demarco.cummerata64@qtech.dev,pwd123
"Sydnee Ruecker",sydnee.ruecker@qtech.dev,pwd123
"Xzavier Brown",xzavier_brown56@qtech.dev,pwd123
"Brendon Lockman",brendon_lockman@qtech.dev,pwd123
"Schuyler Bayer",schuyler_bayer38@qtech.dev,pwd123
"Efren Frami",efren.frami@qtech.dev,pwd123
"Maybell Schaefer",maybell.schaefer@qtech.dev,pwd123
"Marjolaine Hackett",marjolaine.hackett64@qtech.dev,pwd123
"Lauryn Rosenbaum",lauryn_rosenbaum72@qtech.dev,pwd123
"Orlo Effertz",orlo_effertz39@qtech.dev,pwd123
"Rahsaan Walker-Fisher",rahsaan_walker-fisher@qtech.dev,pwd123
"Jadyn Ernser",jadyn.ernser26@qtech.dev,pwd123
"Fermin Larkin",fermin_larkin19@qtech.dev,pwd123
"Arvid Renner",arvid_renner7@qtech.dev,pwd123
"Evelyn Powlowski",evelyn_powlowski@qtech.dev,pwd123
"Willy Hoppe",willy_hoppe@qtech.dev,pwd123
"Hunter Turner",hunter_turner58@qtech.dev,pwd123
"Kiarra Cormier",kiarra_cormier@qtech.dev,pwd123
"Kari Friesen",kari_friesen@qtech.dev,pwd123
"Santina Davis",santina.davis56@qtech.dev,pwd123
"Odessa Marks",odessa.marks@qtech.dev,pwd123
"Katrine Miller",katrine.miller81@qtech.dev,pwd123
"Aglae Reynolds",aglae.reynolds@qtech.dev,pwd123
"Cleveland Boyle",cleveland.boyle39@qtech.dev,pwd123
"Kory Nienow",kory_nienow@qtech.dev,pwd123
"Mariane Beatty",mariane.beatty@qtech.dev,pwd123
"Mayra Hettinger",mayra.hettinger6@qtech.dev,pwd123
"Dejah Lubowitz",dejah_lubowitz@qtech.dev,pwd123
"Josie Friesen-Bailey",josie.friesen-bailey41@qtech.dev,pwd123
"Terrell Homenick",terrell.homenick77@qtech.dev,pwd123
"Delpha Jaskolski",delpha_jaskolski@qtech.dev,pwd123
"Myrtie Walsh",myrtie_walsh@qtech.dev,pwd123
"Lenny Streich",lenny_streich39@qtech.dev,pwd123
"Carter Mitchell",carter.mitchell93@qtech.dev,pwd123
"Chester Borer",chester_borer@qtech.dev,pwd123
"Irma Collier",irma.collier57@qtech.dev,pwd123
"Hunter Spencer",hunter_spencer@qtech.dev,pwd123
"Gregory Monahan",gregory.monahan@qtech.dev,pwd123
"Sofia Jakubowski",sofia.jakubowski23@qtech.dev,pwd123
"Hardy Hyatt",hardy_hyatt92@qtech.dev,pwd123
"Reymundo Rutherford",reymundo_rutherford@qtech.dev,pwd123
"Raoul Kling",raoul_kling@qtech.dev,pwd123
"Hilbert Rippin",hilbert_rippin@qtech.dev,pwd123
"Elliot Osinski",elliot.osinski@qtech.dev,pwd123
"Sigrid Hand",sigrid.hand@qtech.dev,pwd123
"Clarabelle Cassin",clarabelle.cassin17@qtech.dev,pwd123
"Jessica Stracke",jessica_stracke@qtech.dev,pwd123
"Amira Mann",amira_mann88@qtech.dev,pwd123
"Scotty Homenick",scotty.homenick65@qtech.dev,pwd123
"Marianna Wilderman",marianna.wilderman@qtech.dev,pwd123
"Jed Larkin",jed.larkin@qtech.dev,pwd123
"Allene Heller",allene.heller@qtech.dev,pwd123
"Maiya Marks",maiya.marks@qtech.dev,pwd123
"Tre Blanda",tre_blanda77@qtech.dev,pwd123
"Dora Romaguera",dora_romaguera72@qtech.dev,pwd123
"Wava Herzog",wava.herzog@qtech.dev,pwd123
"Arlene Schoen",arlene_schoen@qtech.dev,pwd123
"Jerald Marquardt",jerald.marquardt13@qtech.dev,pwd123
"Kailee Smitham-Spencer",kailee_smitham-spencer73@qtech.dev,pwd123
"Yesenia Hodkiewicz",yesenia.hodkiewicz@qtech.dev,pwd123
"Lila Pfannerstill",lila_pfannerstill@qtech.dev,pwd123
"Prince Gulgowski",prince.gulgowski96@qtech.dev,pwd123
"Mateo Marquardt",mateo.marquardt@qtech.dev,pwd123
"Josiane Crooks-Hoppe",josiane_crooks-hoppe@qtech.dev,pwd123
"Frederic Lesch",frederic_lesch@qtech.dev,pwd123
"Everett Schmidt",everett_schmidt37@qtech.dev,pwd123
"Eleanora O'Keefe",eleanora.okeefe@qtech.dev,pwd123
"Uriel Armstrong",uriel.armstrong@qtech.dev,pwd123
"Bailee Champlin",bailee.champlin@qtech.dev,pwd123
"Orville Bradtke",orville.bradtke@qtech.dev,pwd123
"Mariana Cormier",mariana_cormier@qtech.dev,pwd123
"Trisha Streich",trisha_streich81@qtech.dev,pwd123
"Mozelle Rodriguez-Gusikowski",mozelle_rodriguez-gusikowski37@qtech.dev,pwd123
"Winfield Hahn",winfield.hahn33@qtech.dev,pwd123
"Freida Quigley",freida.quigley95@qtech.dev,pwd123
"Rachael Bergstrom",rachael_bergstrom@qtech.dev,pwd123
"Weldon Jacobson",weldon.jacobson78@qtech.dev,pwd123
"Camila Dach",camila.dach58@qtech.dev,pwd123
"Helen Nienow",helen.nienow48@qtech.dev,pwd123
"Elenor Bogan",elenor.bogan1@qtech.dev,pwd123
"Jeff Hagenes",jeff_hagenes18@qtech.dev,pwd123
"Estefania Weber",estefania.weber@qtech.dev,pwd123
"Emory Gibson",emory.gibson49@qtech.dev,pwd123
"Nicola Marquardt",nicola.marquardt@qtech.dev,pwd123
"Kattie Mertz",kattie.mertz@qtech.dev,pwd123
"Kaylee Haag",kaylee.haag@qtech.dev,pwd123
"Godfrey Vandervort",godfrey_vandervort66@qtech.dev,pwd123
"Julius Marvin",julius_marvin@qtech.dev,pwd123
"Luther Walter",luther.walter@qtech.dev,pwd123
"Ephraim Kub",ephraim_kub70@qtech.dev,pwd123
"Savanah Toy-Smith",savanah.toy-smith@qtech.dev,pwd123
"Marcus Gleichner",marcus_gleichner@qtech.dev,pwd123
"Murray Dach",murray.dach@qtech.dev,pwd123
"Rebecca Hane",rebecca.hane12@qtech.dev,pwd123
"Jed Greenholt",jed.greenholt53@qtech.dev,pwd123
"Macy Braun",macy.braun@qtech.dev,pwd123
"Torrey Crona",torrey.crona35@qtech.dev,pwd123
"Rupert Terry",rupert.terry89@qtech.dev,pwd123
"Jaylan Robel",jaylan.robel27@qtech.dev,pwd123
"Teresa Schaden",teresa_schaden@qtech.dev,pwd123
"Astrid Yost",astrid.yost45@qtech.dev,pwd123
"Elinore Waelchi",elinore.waelchi@qtech.dev,pwd123
"Bertram Bartoletti-Brown",bertram_bartoletti-brown@qtech.dev,pwd123
"Ernestine Predovic",ernestine.predovic@qtech.dev,pwd123
"Darius Casper",darius.casper26@qtech.dev,pwd123
"Owen Cruickshank",owen.cruickshank16@qtech.dev,pwd123
"Sallie McCullough",sallie_mccullough85@qtech.dev,pwd123
"Marlee Cremin",marlee.cremin@qtech.dev,pwd123
"Dejon O'Hara",dejon.ohara99@qtech.dev,pwd123
"Neil McDermott",neil.mcdermott4@qtech.dev,pwd123
"Ally Stracke",ally_stracke85@qtech.dev,pwd123
"Kitty Nitzsche",kitty_nitzsche@qtech.dev,pwd123
"Zachariah Reinger",zachariah.reinger49@qtech.dev,pwd123
"Elta Wolf",elta.wolf@qtech.dev,pwd123
"Adela Beer",adela.beer@qtech.dev,pwd123
"Queenie Treutel",queenie_treutel@qtech.dev,pwd123
"Madison Moen",madison.moen28@qtech.dev,pwd123
"Napoleon Bailey",napoleon.bailey@qtech.dev,pwd123
"Roselyn Mosciski",roselyn.mosciski4@qtech.dev,pwd123
"Reta Pfeffer",reta_pfeffer2@qtech.dev,pwd123
"Jimmy Lebsack",jimmy.lebsack34@qtech.dev,pwd123
"Monte Bode",monte_bode@qtech.dev,pwd123
"Kathlyn Schmitt",kathlyn.schmitt64@qtech.dev,pwd123
"Heath Goodwin",heath_goodwin@qtech.dev,pwd123
"Mikel Kerluke",mikel_kerluke74@qtech.dev,pwd123
"Mae Beier",mae_beier@qtech.dev,pwd123
"Domingo Mertz",domingo.mertz@qtech.dev,pwd123
"Rebeka Purdy",rebeka.purdy@qtech.dev,pwd123
"Agustina Schaefer",agustina.schaefer@qtech.dev,pwd123
"Mariela Brown",mariela_brown@qtech.dev,pwd123
"Ignacio Bayer",ignacio.bayer@qtech.dev,pwd123
"Alessandro Bogan",alessandro_bogan39@qtech.dev,pwd123
"Elna Schamberger",elna_schamberger@qtech.dev,pwd123
"Johnson Wintheiser",johnson_wintheiser90@qtech.dev,pwd123
"Kassandra Sanford",kassandra.sanford@qtech.dev,pwd123
"Enos Walsh",enos_walsh@qtech.dev,pwd123
"Aubree Volkman",aubree_volkman@qtech.dev,pwd123
"Aric Wyman",aric.wyman@qtech.dev,pwd123
"Walter Bashirian",walter_bashirian45@qtech.dev,pwd123
"Edmund Schowalter",edmund.schowalter@qtech.dev,pwd123
"Davin Larkin",davin_larkin8@qtech.dev,pwd123
"Gabriel Schultz",gabriel.schultz@qtech.dev,pwd123
"Vidal Wilderman",vidal.wilderman@qtech.dev,pwd123
"Clarabelle Wiza",clarabelle.wiza@qtech.dev,pwd123
"August Donnelly",august.donnelly64@qtech.dev,pwd123
"Giovanny Dickens",giovanny.dickens64@qtech.dev,pwd123
"Eli Schumm",eli_schumm8@qtech.dev,pwd123
"Ocie Kshlerin",ocie.kshlerin50@qtech.dev,pwd123
"Keshawn Halvorson",keshawn_halvorson93@qtech.dev,pwd123
"Wilfrid Gulgowski",wilfrid.gulgowski89@qtech.dev,pwd123
"Zechariah Larson",zechariah.larson@qtech.dev,pwd123
"Kenyon Spencer",kenyon_spencer17@qtech.dev,pwd123
"Oda Ruecker",oda.ruecker35@qtech.dev,pwd123
"Kristina Cartwright",kristina_cartwright@qtech.dev,pwd123
"Providenci Padberg",providenci_padberg94@qtech.dev,pwd123
"Zachariah Zulauf",zachariah_zulauf15@qtech.dev,pwd123
"Loren Emard",loren_emard89@qtech.dev,pwd123
"Ben Corwin",ben.corwin33@qtech.dev,pwd123
"Burdette Bashirian",burdette_bashirian@qtech.dev,pwd123
"Titus Herzog",titus.herzog48@qtech.dev,pwd123
"Ewald Hilll",ewald_hilll@qtech.dev,pwd123
"Antone Huel",antone.huel0@qtech.dev,pwd123
"Frida Olson",frida_olson@qtech.dev,pwd123
"Edwardo Wilkinson",edwardo.wilkinson@qtech.dev,pwd123
"Shea Nienow",shea_nienow8@qtech.dev,pwd123
"Marlin Jast",marlin_jast@qtech.dev,pwd123
"Ashly Mueller",ashly_mueller53@qtech.dev,pwd123
"Osbaldo Heidenreich",osbaldo.heidenreich22@qtech.dev,pwd123
"Shea Bergstrom",shea.bergstrom@qtech.dev,pwd123
"Magnus Denesik",magnus.denesik14@qtech.dev,pwd123
"Conrad Wiza",conrad.wiza96@qtech.dev,pwd123
"Katheryn Lockman",katheryn.lockman@qtech.dev,pwd123
"Gabrielle Hartmann",gabrielle_hartmann37@qtech.dev,pwd123
"Libbie Zboncak",libbie.zboncak25@qtech.dev,pwd123
"Delmer Cronin",delmer_cronin63@qtech.dev,pwd123
"Estell Wisoky",estell_wisoky4@qtech.dev,pwd123
"Annetta Rempel",annetta_rempel1@qtech.dev,pwd123
"Irving Ernser",irving_ernser31@qtech.dev,pwd123
"Elfrieda Emard",elfrieda.emard@qtech.dev,pwd123
"Helen Deckow",helen_deckow@qtech.dev,pwd123
"Drew Sawayn",drew.sawayn82@qtech.dev,pwd123
"Griffin McDermott",griffin_mcdermott@qtech.dev,pwd123
"Annabelle Nienow",annabelle_nienow@qtech.dev,pwd123
"Jayson Jacobs",jayson_jacobs@qtech.dev,pwd123
"Zoila Osinski",zoila.osinski26@qtech.dev,pwd123
"Mariam Barton",mariam.barton64@qtech.dev,pwd123
"Wiley Gusikowski",wiley_gusikowski@qtech.dev,pwd123
"Jasen McDermott",jasen.mcdermott89@qtech.dev,pwd123
"Alex Nader",alex_nader@qtech.dev,pwd123
"Thelma Gottlieb-Hayes",thelma.gottlieb-hayes@qtech.dev,pwd123
"Brian Schneider",brian.schneider@qtech.dev,pwd123
"Henderson Williamson",henderson_williamson@qtech.dev,pwd123
"Arely Purdy",arely.purdy84@qtech.dev,pwd123
"Jarvis Keeling",jarvis.keeling@qtech.dev,pwd123
"Efrain Kohler",efrain.kohler@qtech.dev,pwd123
"Adeline Lehner",adeline_lehner13@qtech.dev,pwd123
"Jackie Gleason",jackie_gleason@qtech.dev,pwd123
"Iva O'Reilly",iva_oreilly@qtech.dev,pwd123
"Gavin Purdy",gavin_purdy@qtech.dev,pwd123
"Keanu Jenkins",keanu_jenkins@qtech.dev,pwd123
"Hermann Boehm",hermann.boehm@qtech.dev,pwd123
"Eli Conn",eli.conn76@qtech.dev,pwd123
"Louisa Batz",louisa_batz22@qtech.dev,pwd123
"Carroll Schulist",carroll.schulist62@qtech.dev,pwd123
"Theodora Kuhic",theodora_kuhic85@qtech.dev,pwd123
"Veronica Green",veronica.green@qtech.dev,pwd123
"Oda Hand",oda_hand57@qtech.dev,pwd123
"Eli Hyatt",eli_hyatt@qtech.dev,pwd123
"Miller Klocko",miller_klocko14@qtech.dev,pwd123
"Sylvan Greenfelder",sylvan.greenfelder48@qtech.dev,pwd123
"Letitia Kiehn-Schimmel",letitia.kiehn-schimmel@qtech.dev,pwd123
"Lucienne Daniel",lucienne.daniel@qtech.dev,pwd123
"Abbigail Veum",abbigail.veum@qtech.dev,pwd123
"Jamey Farrell",jamey.farrell@qtech.dev,pwd123
"Izabella Jacobs",izabella.jacobs6@qtech.dev,pwd123
"Tyree Bailey",tyree_bailey37@qtech.dev,pwd123
"Destiney Schultz",destiney.schultz@qtech.dev,pwd123
"Gennaro Nicolas",gennaro_nicolas19@qtech.dev,pwd123
"Kevin Mohr",kevin_mohr@qtech.dev,pwd123
"Frieda Keebler",frieda_keebler72@qtech.dev,pwd123
"Shemar Effertz",shemar.effertz56@qtech.dev,pwd123
"Estevan Windler",estevan_windler45@qtech.dev,pwd123
"Janessa Terry-Mueller",janessa_terry-mueller@qtech.dev,pwd123
"Christine Koss",christine_koss@qtech.dev,pwd123
"Cory Kuvalis",cory.kuvalis@qtech.dev,pwd123
"General McClure",general.mcclure34@qtech.dev,pwd123
"Emile Davis",emile.davis99@qtech.dev,pwd123
"Lonie Kemmer",lonie_kemmer38@qtech.dev,pwd123
"Clinton Dare",clinton.dare@qtech.dev,pwd123
"Cedrick Yundt",cedrick.yundt@qtech.dev,pwd123
"Abby Rau",abby.rau@qtech.dev,pwd123
"Rylan Ritchie",rylan_ritchie@qtech.dev,pwd123
"Giovanni Klein",giovanni_klein76@qtech.dev,pwd123
"Ariel Harber",ariel.harber@qtech.dev,pwd123
"Hertha McKenzie",hertha_mckenzie@qtech.dev,pwd123
"Liliana Paucek",liliana_paucek40@qtech.dev,pwd123
"Eveline Stark",eveline_stark@qtech.dev,pwd123
"Keven O'Reilly",keven.oreilly20@qtech.dev,pwd123
"Cristobal Emard",cristobal.emard84@qtech.dev,pwd123
"Imelda D'Amore",imelda_damore@qtech.dev,pwd123
"Cindy Heidenreich",cindy_heidenreich19@qtech.dev,pwd123
"Kamryn Baumbach",kamryn.baumbach@qtech.dev,pwd123
"Ronaldo Jacobi",ronaldo_jacobi0@qtech.dev,pwd123
"Cristina Upton",cristina_upton63@qtech.dev,pwd123
"Marcia Dickinson",marcia.dickinson@qtech.dev,pwd123
"Vickie Jast",vickie_jast80@qtech.dev,pwd123
"Camille Russel",camille.russel@qtech.dev,pwd123
"Lila Smitham",lila.smitham89@qtech.dev,pwd123
"Quentin Fisher",quentin_fisher@qtech.dev,pwd123
"Kendall Rippin",kendall.rippin32@qtech.dev,pwd123
"Alanis Bednar",alanis_bednar@qtech.dev,pwd123
"Ima Hudson",ima.hudson41@qtech.dev,pwd123
"Lonny Dickens",lonny.dickens23@qtech.dev,pwd123
"Clinton Lehner-Hackett",clinton.lehner-hackett36@qtech.dev,pwd123
"Tre Klein",tre_klein@qtech.dev,pwd123
"Lisette Kunze",lisette.kunze@qtech.dev,pwd123
"Barbara Bruen",barbara.bruen@qtech.dev,pwd123
"Marcellus Bosco",marcellus_bosco32@qtech.dev,pwd123
"Kaden Sauer-Steuber",kaden_sauer-steuber66@qtech.dev,pwd123
"Ara Reinger",ara.reinger63@qtech.dev,pwd123
"Godfrey Lockman",godfrey_lockman@qtech.dev,pwd123
"Hilario Smitham",hilario_smitham@qtech.dev,pwd123
"Clemens O'Connell",clemens.oconnell65@qtech.dev,pwd123
"Kaylee Johnston",kaylee_johnston@qtech.dev,pwd123
"Freda Kuvalis",freda.kuvalis74@qtech.dev,pwd123
"Sasha Keebler",sasha_keebler3@qtech.dev,pwd123
"Kade Funk",kade.funk95@qtech.dev,pwd123
"Bryce Weissnat",bryce_weissnat@qtech.dev,pwd123
"Brown Boyer",brown.boyer@qtech.dev,pwd123
"Alexie Schneider",alexie.schneider@qtech.dev,pwd123
"Esmeralda Ernser",esmeralda.ernser@qtech.dev,pwd123
"Shakira Ryan",shakira_ryan@qtech.dev,pwd123
"Annamae Armstrong",annamae_armstrong@qtech.dev,pwd123
"Ezra Brown",ezra_brown84@qtech.dev,pwd123
"Guido Armstrong",guido.armstrong52@qtech.dev,pwd123
"Karson Boehm",karson_boehm@qtech.dev,pwd123
"Piper Schmidt",piper_schmidt53@qtech.dev,pwd123
"Lane Lang",lane_lang62@qtech.dev,pwd123
"Willa Hickle",willa.hickle@qtech.dev,pwd123
"Chaz Olson",chaz_olson@qtech.dev,pwd123
"Armando Satterfield",armando_satterfield@qtech.dev,pwd123
"Maiya Nitzsche",maiya.nitzsche79@qtech.dev,pwd123
"Jeanette Waters",jeanette.waters44@qtech.dev,pwd123
"Jammie Howe",jammie.howe@qtech.dev,pwd123
"Ashton Kiehn",ashton.kiehn60@qtech.dev,pwd123
"Sierra Rempel",sierra.rempel@qtech.dev,pwd123
"Lauriane Olson",lauriane_olson@qtech.dev,pwd123
"Flossie Bergnaum",flossie_bergnaum11@qtech.dev,pwd123
"Cameron Armstrong",cameron.armstrong@qtech.dev,pwd123
"Dario Prohaska",dario.prohaska@qtech.dev,pwd123
"Kale Balistreri",kale.balistreri@qtech.dev,pwd123
"Omer Schiller",omer_schiller@qtech.dev,pwd123
"Kiarra Kling",kiarra.kling72@qtech.dev,pwd123
"Bria Welch",bria.welch32@qtech.dev,pwd123
"Florence Bogan",florence.bogan70@qtech.dev,pwd123
"Ewell McLaughlin",ewell.mclaughlin@qtech.dev,pwd123
"Stephanie Crist",stephanie_crist10@qtech.dev,pwd123
"Mina Stroman",mina.stroman40@qtech.dev,pwd123
"Justen Ullrich",justen.ullrich@qtech.dev,pwd123
"Clementina Yundt",clementina_yundt20@qtech.dev,pwd123
"Mae Wilkinson",mae_wilkinson1@qtech.dev,pwd123
"Keyshawn Powlowski",keyshawn.powlowski64@qtech.dev,pwd123
"Bertha Bashirian",bertha_bashirian@qtech.dev,pwd123
"Kyler Hauck",kyler_hauck25@qtech.dev,pwd123
"Jaclyn Grant",jaclyn_grant@qtech.dev,pwd123
"Laila Rohan",laila.rohan40@qtech.dev,pwd123
"Gordon O'Hara",gordon.ohara65@qtech.dev,pwd123
"Agustin Feest",agustin_feest66@qtech.dev,pwd123
"Earl Lynch",earl_lynch@qtech.dev,pwd123
"Icie Bayer",icie.bayer@qtech.dev,pwd123
"Krystal Sanford",krystal.sanford@qtech.dev,pwd123
"Zoey Kris",zoey.kris89@qtech.dev,pwd123
"Kailee Schimmel",kailee.schimmel19@qtech.dev,pwd123
"Boris Terry",boris.terry2@qtech.dev,pwd123
"Cordie Bernier",cordie.bernier93@qtech.dev,pwd123
"Odessa Funk",odessa.funk74@qtech.dev,pwd123
"Ivah Legros",ivah_legros@qtech.dev,pwd123
"Abigail Shields",abigail_shields@qtech.dev,pwd123
"Hanna Greenholt",hanna.greenholt@qtech.dev,pwd123
"Osvaldo Gibson",osvaldo_gibson@qtech.dev,pwd123
"Greg Tremblay",greg_tremblay15@qtech.dev,pwd123
"Roberto Berge",roberto_berge79@qtech.dev,pwd123
"Alverta Conn",alverta.conn75@qtech.dev,pwd123
"Peyton Cassin",peyton.cassin@qtech.dev,pwd123
"Alek Gottlieb",alek.gottlieb89@qtech.dev,pwd123
"Kiana Gutkowski",kiana.gutkowski55@qtech.dev,pwd123
"Lacey McDermott",lacey.mcdermott89@qtech.dev,pwd123
"Jerad Bergnaum",jerad.bergnaum@qtech.dev,pwd123
"Granville Kovacek",granville_kovacek@qtech.dev,pwd123
"Sadie Bahringer",sadie.bahringer@qtech.dev,pwd123
"Giovani Bednar",giovani_bednar@qtech.dev,pwd123
"Catherine Kreiger",catherine_kreiger66@qtech.dev,pwd123
"Nicklaus Parisian",nicklaus.parisian@qtech.dev,pwd123
"Dorothea Senger",dorothea.senger@qtech.dev,pwd123
"Rossie Franey",rossie_franey80@qtech.dev,pwd123
"Albertha Schoen",albertha.schoen92@qtech.dev,pwd123
"Raul Brown",raul_brown@qtech.dev,pwd123
"Luz Collins",luz_collins31@qtech.dev,pwd123
"Lamont Deckow",lamont_deckow90@qtech.dev,pwd123
"Gaston O'Kon",gaston_okon@qtech.dev,pwd123
"Blair Berge",blair.berge@qtech.dev,pwd123
"Gertrude Pfeffer",gertrude.pfeffer@qtech.dev,pwd123
"Evie Barton",evie_barton45@qtech.dev,pwd123
"Kian Parisian",kian_parisian84@qtech.dev,pwd123
"Caitlyn Cormier",caitlyn_cormier@qtech.dev,pwd123
"Lourdes Abernathy",lourdes_abernathy85@qtech.dev,pwd123
"Aleen Kuphal",aleen_kuphal6@qtech.dev,pwd123
"Vicky Hammes",vicky_hammes68@qtech.dev,pwd123
"Green Mayer",green_mayer89@qtech.dev,pwd123
"Pedro Klein",pedro.klein48@qtech.dev,pwd123
"Adah Yost",adah.yost@qtech.dev,pwd123
"Henriette Schimmel",henriette.schimmel76@qtech.dev,pwd123
"Bryana Brakus",bryana_brakus51@qtech.dev,pwd123
"Travis Walker",travis_walker64@qtech.dev,pwd123
"Clark Zboncak",clark_zboncak69@qtech.dev,pwd123
"Lew Corwin",lew.corwin14@qtech.dev,pwd123
"Jamil Collins",jamil.collins@qtech.dev,pwd123
"Yvonne Kassulke",yvonne_kassulke@qtech.dev,pwd123
"Dejon Rutherford",dejon.rutherford17@qtech.dev,pwd123
"Luis Baumbach",luis_baumbach3@qtech.dev,pwd123
"Dereck Collier",dereck.collier@qtech.dev,pwd123
"Alvera Stamm",alvera_stamm50@qtech.dev,pwd123
"Iliana Stamm",iliana_stamm31@qtech.dev,pwd123
"Jerad Kunze",jerad_kunze43@qtech.dev,pwd123
"Kathryn Thompson",kathryn.thompson@qtech.dev,pwd123
"Lyric Murray",lyric_murray@qtech.dev,pwd123
"Ryder Simonis",ryder.simonis@qtech.dev,pwd123
"Katherine Treutel",katherine.treutel17@qtech.dev,pwd123
"Malika Stanton",malika_stanton17@qtech.dev,pwd123
"Marlen Hudson",marlen_hudson@qtech.dev,pwd123
"Bell Langosh",bell.langosh@qtech.dev,pwd123
"Dorothea Treutel",dorothea_treutel@qtech.dev,pwd123
"Constantin Dickens",constantin.dickens@qtech.dev,pwd123
"Lola Weber",lola_weber@qtech.dev,pwd123
"Helene Brekke",helene.brekke@qtech.dev,pwd123
"Anabel Homenick",anabel.homenick@qtech.dev,pwd123
"Javier Lowe",javier_lowe95@qtech.dev,pwd123
"Kelton Koch",kelton_koch@qtech.dev,pwd123
"Dane Price",dane_price@qtech.dev,pwd123
"Marilyne Altenwerth",marilyne_altenwerth@qtech.dev,pwd123
"Lynn Hackett",lynn_hackett18@qtech.dev,pwd123
"Hannah White",hannah_white73@qtech.dev,pwd123
"Terrill Rogahn",terrill.rogahn@qtech.dev,pwd123
"Destany Heaney",destany_heaney56@qtech.dev,pwd123
"Shane Runte",shane.runte82@qtech.dev,pwd123
"Beau Pacocha",beau_pacocha89@qtech.dev,pwd123
"Broderick Lowe",broderick_lowe60@qtech.dev,pwd123
"Leonora Marks-Nicolas",leonora_marks-nicolas@qtech.dev,pwd123
"Domenic O'Reilly",domenic_oreilly29@qtech.dev,pwd123
"Bette Armstrong",bette_armstrong@qtech.dev,pwd123
"Delphia Gerlach",delphia_gerlach6@qtech.dev,pwd123
"Beverly Weimann",beverly.weimann81@qtech.dev,pwd123
"Meghan Dickens",meghan_dickens87@qtech.dev,pwd123
"Cameron Ernser",cameron_ernser@qtech.dev,pwd123
"Noemie Dietrich",noemie.dietrich@qtech.dev,pwd123
"Finn Jast",finn.jast@qtech.dev,pwd123
"Moshe O'Kon",moshe_okon12@qtech.dev,pwd123
"Casandra Bashirian",casandra.bashirian83@qtech.dev,pwd123
"Malvina Harber",malvina_harber22@qtech.dev,pwd123
"Vito Roberts",vito_roberts79@qtech.dev,pwd123
"Ashley Nitzsche",ashley_nitzsche82@qtech.dev,pwd123
"Wilford Anderson",wilford_anderson@qtech.dev,pwd123
"Alize Deckow",alize_deckow51@qtech.dev,pwd123
"Clovis Green",clovis.green24@qtech.dev,pwd123
"Dorris Lowe-Wyman",dorris_lowe-wyman@qtech.dev,pwd123
"Providenci Bernhard",providenci.bernhard60@qtech.dev,pwd123
"Karl Beer",karl_beer@qtech.dev,pwd123
"Myrtis Thompson",myrtis_thompson@qtech.dev,pwd123
"Breanne Considine",breanne.considine55@qtech.dev,pwd123
"Demetrius Toy",demetrius_toy@qtech.dev,pwd123
"Reta Wilderman",reta_wilderman63@qtech.dev,pwd123
"Merle Flatley",merle.flatley83@qtech.dev,pwd123
"Lavonne Watsica",lavonne_watsica18@qtech.dev,pwd123
"Alia Lang",alia.lang93@qtech.dev,pwd123
"Letitia Botsford",letitia_botsford5@qtech.dev,pwd123
"Georgianna Krajcik",georgianna.krajcik99@qtech.dev,pwd123
"Nels Roob",nels_roob@qtech.dev,pwd123
"Susie Boyle",susie_boyle@qtech.dev,pwd123
"Danyka Feest",danyka.feest@qtech.dev,pwd123
"Bessie Donnelly",bessie_donnelly29@qtech.dev,pwd123
"Elnora Ward",elnora.ward75@qtech.dev,pwd123
"Velva Adams",velva.adams23@qtech.dev,pwd123
"Oren Kreiger",oren.kreiger@qtech.dev,pwd123
"Althea Hyatt",althea_hyatt@qtech.dev,pwd123
"Sarah Bartoletti-Schiller",sarah_bartoletti-schiller84@qtech.dev,pwd123
"Reina Russel",reina.russel97@qtech.dev,pwd123
"Garnett MacGyver",garnett_macgyver5@qtech.dev,pwd123
"Cydney Kohler",cydney.kohler70@qtech.dev,pwd123
"Erwin Dicki",erwin.dicki24@qtech.dev,pwd123
"Kenna Kuhlman",kenna.kuhlman@qtech.dev,pwd123
"Parker McCullough",parker.mccullough28@qtech.dev,pwd123
"Kylie Hayes",kylie_hayes93@qtech.dev,pwd123
"Viviane Lebsack",viviane.lebsack79@qtech.dev,pwd123
"Reagan Jacobs",reagan.jacobs50@qtech.dev,pwd123
"Anna Roberts",anna_roberts12@qtech.dev,pwd123
"Lane Champlin",lane_champlin@qtech.dev,pwd123
"Erna Klein",erna_klein@qtech.dev,pwd123
"Annette Kerluke",annette.kerluke62@qtech.dev,pwd123
"Thaddeus Balistreri",thaddeus.balistreri@qtech.dev,pwd123
"Molly Legros",molly.legros58@qtech.dev,pwd123
"Xavier Block-Moore",xavier.block-moore@qtech.dev,pwd123
"Hallie Upton",hallie.upton24@qtech.dev,pwd123
"Philip Dickinson",philip_dickinson@qtech.dev,pwd123
"Gunnar Jacobi",gunnar.jacobi@qtech.dev,pwd123
"Bethel Mayer",bethel.mayer14@qtech.dev,pwd123
"Kitty Nicolas",kitty.nicolas@qtech.dev,pwd123
"Burnice Moore",burnice_moore26@qtech.dev,pwd123
"Cassie Christiansen",cassie.christiansen@qtech.dev,pwd123
"Gene Ruecker",gene_ruecker@qtech.dev,pwd123
"Deborah Howell",deborah_howell@qtech.dev,pwd123
"Mozelle Paucek",mozelle_paucek12@qtech.dev,pwd123
"Jaydon Leuschke",jaydon_leuschke88@qtech.dev,pwd123
"Terrence Wolf",terrence_wolf@qtech.dev,pwd123
"Amie Predovic",amie_predovic@qtech.dev,pwd123
"Shanie Schuster",shanie.schuster@qtech.dev,pwd123
"Carlie Bailey",carlie.bailey69@qtech.dev,pwd123
"Elbert Graham",elbert_graham@qtech.dev,pwd123
"Osborne Runte",osborne_runte@qtech.dev,pwd123
"Mavis Dare",mavis_dare35@qtech.dev,pwd123
"Sydney Beer",sydney_beer43@qtech.dev,pwd123
"Glen Wisozk",glen_wisozk91@qtech.dev,pwd123
"Herminio Morar",herminio.morar18@qtech.dev,pwd123
"Malachi Dibbert",malachi.dibbert60@qtech.dev,pwd123
"Joelle Pouros",joelle.pouros60@qtech.dev,pwd123
"Delphine Bogisich",delphine.bogisich44@qtech.dev,pwd123
"Dolores Bode",dolores.bode2@qtech.dev,pwd123
"Waino Fay",waino.fay54@qtech.dev,pwd123
"Beulah Crist",beulah_crist40@qtech.dev,pwd123
"Lela Brown",lela_brown12@qtech.dev,pwd123
"Martina Kunde",martina.kunde40@qtech.dev,pwd123
"Donato Runolfsson",donato_runolfsson51@qtech.dev,pwd123
"Kellie Becker",kellie.becker@qtech.dev,pwd123
"Krista Wisoky",krista_wisoky59@qtech.dev,pwd123
"Gudrun DuBuque",gudrun_dubuque@qtech.dev,pwd123
"Vilma Renner",vilma.renner@qtech.dev,pwd123
"Robb Stiedemann",robb_stiedemann@qtech.dev,pwd123
"Elouise Lehner",elouise_lehner56@qtech.dev,pwd123
"Lucy Kirlin",lucy.kirlin@qtech.dev,pwd123
"Kaylie Osinski",kaylie_osinski@qtech.dev,pwd123
"Forrest Farrell",forrest.farrell6@qtech.dev,pwd123
"Erwin Crooks",erwin_crooks94@qtech.dev,pwd123
"Oda Pouros",oda.pouros@qtech.dev,pwd123
"Dallin Kemmer",dallin.kemmer75@qtech.dev,pwd123
"Juvenal Lind",juvenal.lind@qtech.dev,pwd123
"Aliya Hyatt",aliya.hyatt73@qtech.dev,pwd123
"Shaun Hoeger",shaun_hoeger@qtech.dev,pwd123
"Vernon Nikolaus",vernon.nikolaus19@qtech.dev,pwd123
"Brianne Hermiston",brianne.hermiston40@qtech.dev,pwd123
"Brenda Herzog",brenda.herzog50@qtech.dev,pwd123
"Francesca Kessler",francesca.kessler25@qtech.dev,pwd123
"Justus Swift",justus_swift54@qtech.dev,pwd123
"Howell Hudson",howell_hudson91@qtech.dev,pwd123
"Clarissa Denesik",clarissa_denesik6@qtech.dev,pwd123
"Julia Oberbrunner",julia.oberbrunner@qtech.dev,pwd123
"Roel Abernathy",roel.abernathy62@qtech.dev,pwd123
"Albin Windler",albin_windler45@qtech.dev,pwd123
"Myra Hand",myra.hand@qtech.dev,pwd123
"Percival Marks",percival_marks@qtech.dev,pwd123
"Ludie Nolan",ludie.nolan81@qtech.dev,pwd123
"Hope Metz",hope.metz16@qtech.dev,pwd123
"Elta Quigley",elta_quigley@qtech.dev,pwd123
"Julia Satterfield",julia.satterfield@qtech.dev,pwd123
"Layla Hammes",layla_hammes@qtech.dev,pwd123
"Kirsten Lueilwitz",kirsten_lueilwitz35@qtech.dev,pwd123
"Odie Torp",odie_torp@qtech.dev,pwd123
"Betsy Leffler",betsy_leffler@qtech.dev,pwd123
"Alexandre Stamm",alexandre_stamm9@qtech.dev,pwd123
"Breanna Leffler-Stiedemann",breanna.leffler-stiedemann50@qtech.dev,pwd123
"Camden Wilderman",camden.wilderman13@qtech.dev,pwd123
"Hattie Stanton",hattie.stanton42@qtech.dev,pwd123
"Meta Kovacek",meta_kovacek73@qtech.dev,pwd123
"Blair Lebsack",blair_lebsack@qtech.dev,pwd123
"Shyanne Jenkins",shyanne.jenkins73@qtech.dev,pwd123
"Pearlie Rodriguez",pearlie.rodriguez@qtech.dev,pwd123
"Santa Torp",santa_torp@qtech.dev,pwd123
"Edna Kozey",edna.kozey@qtech.dev,pwd123
"Hailie Bosco",hailie_bosco@qtech.dev,pwd123
"Jamaal Brekke",jamaal_brekke13@qtech.dev,pwd123
"Irma Dare",irma.dare@qtech.dev,pwd123
"Luz Towne",luz_towne82@qtech.dev,pwd123
"Domenico Macejkovic",domenico_macejkovic@qtech.dev,pwd123
"Mariano Roob",mariano.roob46@qtech.dev,pwd123
"Nya Schuppe",nya_schuppe@qtech.dev,pwd123
"Garrison Rempel",garrison.rempel46@qtech.dev,pwd123
"Dejah Nader",dejah.nader84@qtech.dev,pwd123
"Larue Breitenberg",larue.breitenberg21@qtech.dev,pwd123
"Destini Senger",destini_senger67@qtech.dev,pwd123
"Aaron Hermiston-Schinner",aaron.hermiston-schinner63@qtech.dev,pwd123
"Abraham Rau",abraham_rau61@qtech.dev,pwd123
"Kurt Hilll",kurt_hilll@qtech.dev,pwd123
"Taylor Cummings",taylor_cummings75@qtech.dev,pwd123
"Bart Baumbach",bart_baumbach71@qtech.dev,pwd123
"Althea Conroy",althea.conroy87@qtech.dev,pwd123
"George Kuhn",george.kuhn62@qtech.dev,pwd123
"Damion Mertz",damion_mertz48@qtech.dev,pwd123
"Francesco Nolan",francesco_nolan@qtech.dev,pwd123
"Ignatius Kihn",ignatius_kihn5@qtech.dev,pwd123
"Jan Rau",jan_rau37@qtech.dev,pwd123
"Imani Bergnaum",imani.bergnaum@qtech.dev,pwd123
"Easter Orn",easter_orn39@qtech.dev,pwd123
"Destini Douglas",destini_douglas51@qtech.dev,pwd123
"Dillon Osinski",dillon_osinski54@qtech.dev,pwd123
"Floy Block",floy_block@qtech.dev,pwd123
"Johnathon Lehner",johnathon_lehner10@qtech.dev,pwd123
"Kale Bauch",kale_bauch@qtech.dev,pwd123
"Taryn Walsh",taryn_walsh@qtech.dev,pwd123
"Rhett Smitham",rhett.smitham@qtech.dev,pwd123
"Estell Hoeger",estell_hoeger53@qtech.dev,pwd123
"Marlon Schamberger",marlon.schamberger29@qtech.dev,pwd123
"Freeman Nitzsche",freeman.nitzsche96@qtech.dev,pwd123
"Marlee Dietrich",marlee_dietrich2@qtech.dev,pwd123
"Adele Bruen",adele.bruen99@qtech.dev,pwd123
"Beryl Jerde",beryl.jerde24@qtech.dev,pwd123
"Jackeline Watsica",jackeline_watsica@qtech.dev,pwd123
"Susanna Veum",susanna.veum@qtech.dev,pwd123
"Stanford Maggio",stanford_maggio@qtech.dev,pwd123
"Kira Kuhic",kira.kuhic@qtech.dev,pwd123
"Susan Metz",susan.metz@qtech.dev,pwd123
"Freddie Grant-Stanton",freddie_grant-stanton85@qtech.dev,pwd123
"Keshaun Moen",keshaun.moen56@qtech.dev,pwd123
"Bernie Gerlach",bernie_gerlach37@qtech.dev,pwd123
"Andrew Buckridge",andrew_buckridge@qtech.dev,pwd123
"Melvin Ritchie",melvin.ritchie@qtech.dev,pwd123
"Horacio Franey",horacio.franey@qtech.dev,pwd123
"Antonetta Mann",antonetta.mann52@qtech.dev,pwd123
"King Ortiz",king_ortiz@qtech.dev,pwd123
"Ronny Von",ronny_von@qtech.dev,pwd123
"Robert Haley",robert_haley79@qtech.dev,pwd123
"Felicia Davis",felicia.davis48@qtech.dev,pwd123
"Jerrold Rippin",jerrold_rippin13@qtech.dev,pwd123
"Bell Yundt",bell_yundt7@qtech.dev,pwd123
"Ari Carroll",ari.carroll@qtech.dev,pwd123
"Lilla Feil",lilla.feil@qtech.dev,pwd123
"Lane Dickens",lane.dickens55@qtech.dev,pwd123
"Kayleigh Kerluke",kayleigh.kerluke@qtech.dev,pwd123
"Elwin Hane",elwin_hane@qtech.dev,pwd123
"Madisyn Boyle",madisyn_boyle9@qtech.dev,pwd123
"Sam Yundt",sam.yundt@qtech.dev,pwd123
"Hailee Fadel",hailee_fadel82@qtech.dev,pwd123
"Mariano Jacobs",mariano_jacobs73@qtech.dev,pwd123
"Aubree Weimann",aubree.weimann33@qtech.dev,pwd123
"Watson Rau",watson_rau@qtech.dev,pwd123
"Ariane Simonis",ariane_simonis49@qtech.dev,pwd123
"Beatrice Okuneva",beatrice_okuneva12@qtech.dev,pwd123
"Eudora Barrows",eudora_barrows@qtech.dev,pwd123
"Fletcher Ernser",fletcher.ernser@qtech.dev,pwd123
"Thora Ritchie",thora.ritchie73@qtech.dev,pwd123
"Alex Pouros",alex_pouros@qtech.dev,pwd123
"Geovany Berge",geovany_berge41@qtech.dev,pwd123
"Jamir Crona",jamir_crona@qtech.dev,pwd123
"Noelia Rutherford",noelia_rutherford9@qtech.dev,pwd123
"Kiarra Torphy",kiarra_torphy@qtech.dev,pwd123
"Cassandra Wolff",cassandra.wolff47@qtech.dev,pwd123
"Shaun Schuster",shaun.schuster30@qtech.dev,pwd123
"Adriel King",adriel.king94@qtech.dev,pwd123
"Arianna Dicki",arianna_dicki18@qtech.dev,pwd123
"Wanda Hettinger",wanda_hettinger35@qtech.dev,pwd123
"Deangelo Muller",deangelo.muller10@qtech.dev,pwd123
"May Runolfsson",may_runolfsson39@qtech.dev,pwd123
"Humberto Hyatt",humberto.hyatt@qtech.dev,pwd123
"Rafaela Treutel",rafaela_treutel55@qtech.dev,pwd123
"Aryanna Wiza",aryanna.wiza95@qtech.dev,pwd123
"Dorian Gleason",dorian_gleason18@qtech.dev,pwd123
"Durward Flatley",durward_flatley26@qtech.dev,pwd123
"Nichole Boehm",nichole_boehm67@qtech.dev,pwd123
"Birdie Harris",birdie.harris6@qtech.dev,pwd123
"Alfonso Sanford",alfonso_sanford@qtech.dev,pwd123
"Fern Jast",fern_jast33@qtech.dev,pwd123
"Lou Weimann",lou_weimann@qtech.dev,pwd123
"Erich Gusikowski",erich.gusikowski@qtech.dev,pwd123
"Alessandra Wunsch",alessandra_wunsch11@qtech.dev,pwd123
"Efren McLaughlin",efren_mclaughlin20@qtech.dev,pwd123
"Jake Wintheiser",jake.wintheiser@qtech.dev,pwd123
"Retha Heller",retha_heller@qtech.dev,pwd123
"Martina Bosco",martina.bosco@qtech.dev,pwd123
"Angelita Effertz",angelita_effertz7@qtech.dev,pwd123
"Jake Schamberger",jake_schamberger36@qtech.dev,pwd123
"Helga Reilly",helga.reilly@qtech.dev,pwd123
"Yadira Leuschke",yadira_leuschke92@qtech.dev,pwd123
"Dedric Carter",dedric_carter16@qtech.dev,pwd123
"Stephon Homenick",stephon_homenick42@qtech.dev,pwd123
"Eleanore Gleichner",eleanore_gleichner@qtech.dev,pwd123
"Ramiro Haley",ramiro_haley81@qtech.dev,pwd123
"Lyric Harris",lyric_harris16@qtech.dev,pwd123
"Porter Schimmel",porter.schimmel85@qtech.dev,pwd123
"Jamil Kirlin",jamil.kirlin@qtech.dev,pwd123
"Domingo Harber",domingo.harber@qtech.dev,pwd123
"Guillermo Goodwin",guillermo.goodwin65@qtech.dev,pwd123
"Bart Wiza",bart.wiza@qtech.dev,pwd123
"Sarina Schowalter",sarina_schowalter@qtech.dev,pwd123
"Rodrigo Schumm",rodrigo.schumm69@qtech.dev,pwd123
"Urban Boehm",urban.boehm@qtech.dev,pwd123
"Araceli Welch",araceli_welch52@qtech.dev,pwd123
"Yolanda Ryan",yolanda.ryan@qtech.dev,pwd123
"Rubie Gulgowski",rubie_gulgowski@qtech.dev,pwd123
"Alfred Mills",alfred_mills24@qtech.dev,pwd123
"Aliza Friesen",aliza_friesen66@qtech.dev,pwd123
"Alford Beatty",alford_beatty13@qtech.dev,pwd123
"Emmett Schinner",emmett.schinner90@qtech.dev,pwd123
"Oral Spinka",oral_spinka@qtech.dev,pwd123
"Lorenza Goyette",lorenza.goyette@qtech.dev,pwd123
"Deion Konopelski",deion_konopelski@qtech.dev,pwd123
"Madison Koch",madison.koch82@qtech.dev,pwd123
"Wilson Windler",wilson.windler@qtech.dev,pwd123
"Faye Mann-West",faye_mann-west@qtech.dev,pwd123
"Briana Mitchell",briana_mitchell@qtech.dev,pwd123
"Christa Konopelski",christa.konopelski27@qtech.dev,pwd123
"Rubye Bogan",rubye_bogan@qtech.dev,pwd123
"Barney Watsica",barney_watsica60@qtech.dev,pwd123
"Gerard Windler",gerard.windler@qtech.dev,pwd123
"Marjorie Bartell-Greenfelder",marjorie.bartell-greenfelder87@qtech.dev,pwd123
"Roscoe Homenick",roscoe_homenick6@qtech.dev,pwd123
"Filiberto Fisher",filiberto.fisher@qtech.dev,pwd123
"Gladys Cartwright",gladys.cartwright@qtech.dev,pwd123
"Zoe Spencer",zoe.spencer25@qtech.dev,pwd123
"Juana Wilderman",juana.wilderman@qtech.dev,pwd123
"Preston Rolfson",preston.rolfson45@qtech.dev,pwd123
"Wilson Hilpert",wilson_hilpert87@qtech.dev,pwd123
"Stephen Conroy",stephen.conroy@qtech.dev,pwd123
"Sunny Skiles",sunny_skiles40@qtech.dev,pwd123
"Keegan Waters",keegan.waters37@qtech.dev,pwd123
"Frederique Dickens",frederique_dickens@qtech.dev,pwd123
"Maxwell Langosh",maxwell_langosh@qtech.dev,pwd123
"Isabell Halvorson",isabell_halvorson83@qtech.dev,pwd123
"Arlie Veum",arlie.veum@qtech.dev,pwd123
"Cloyd Schmeler",cloyd_schmeler23@qtech.dev,pwd123
"Stuart Swaniawski",stuart_swaniawski@qtech.dev,pwd123
"Luis Greenholt",luis_greenholt73@qtech.dev,pwd123
"Kelli Koch-Ledner",kelli.koch-ledner@qtech.dev,pwd123
"Janet Reinger",janet.reinger@qtech.dev,pwd123
"Mabel Harvey",mabel.harvey@qtech.dev,pwd123
"Randall Harber",randall_harber24@qtech.dev,pwd123
"Chadrick Kihn",chadrick.kihn@qtech.dev,pwd123
"Joel Willms",joel.willms16@qtech.dev,pwd123
"Jean Hayes",jean.hayes@qtech.dev,pwd123
"Liza Mraz",liza_mraz82@qtech.dev,pwd123
"Grant Ziemann",grant.ziemann@qtech.dev,pwd123
"Lindsey Grant",lindsey.grant79@qtech.dev,pwd123
"Lela Daniel",lela_daniel53@qtech.dev,pwd123
"Douglas Tromp",douglas.tromp45@qtech.dev,pwd123
"Noelia Senger",noelia_senger@qtech.dev,pwd123
"Kim Hickle",kim_hickle@qtech.dev,pwd123
"Emilie Sauer",emilie.sauer@qtech.dev,pwd123
"Monserrate Stehr",monserrate.stehr25@qtech.dev,pwd123
"Micah Gorczany",micah_gorczany23@qtech.dev,pwd123
"Ronaldo Lockman",ronaldo.lockman@qtech.dev,pwd123
"Gunner Rodriguez",gunner.rodriguez29@qtech.dev,pwd123
"Tavares Blick",tavares_blick@qtech.dev,pwd123
"Josianne Harris",josianne_harris69@qtech.dev,pwd123
"Damaris Leffler",damaris_leffler48@qtech.dev,pwd123
"Vito Lueilwitz",vito_lueilwitz@qtech.dev,pwd123
"Brycen Morissette",brycen_morissette6@qtech.dev,pwd123
"Ken Heidenreich",ken.heidenreich@qtech.dev,pwd123
"Lucile Bailey",lucile_bailey79@qtech.dev,pwd123
"Dusty Schaden",dusty.schaden@qtech.dev,pwd123
"Isaac Koch",isaac.koch@qtech.dev,pwd123
"Rita Bashirian-O'Conner",rita_bashirian-oconner84@qtech.dev,pwd123
"Selmer Krajcik",selmer_krajcik@qtech.dev,pwd123
"Arielle Wolf",arielle.wolf@qtech.dev,pwd123
"Nico Maggio",nico_maggio92@qtech.dev,pwd123
"Hank Tremblay",hank_tremblay@qtech.dev,pwd123
"Meta Schoen",meta_schoen58@qtech.dev,pwd123
"Amalia Pagac",amalia.pagac@qtech.dev,pwd123
"Monique Beatty",monique.beatty16@qtech.dev,pwd123
"Wallace O'Kon",wallace.okon82@qtech.dev,pwd123
"Maxime Dach",maxime.dach@qtech.dev,pwd123
"Jacquelyn Hermiston",jacquelyn.hermiston62@qtech.dev,pwd123
"Maymie White",maymie_white@qtech.dev,pwd123
"Berniece Stehr",berniece_stehr65@qtech.dev,pwd123
"Lesly Breitenberg",lesly.breitenberg@qtech.dev,pwd123
"Pietro Pfannerstill",pietro.pfannerstill@qtech.dev,pwd123
"Cody Zieme",cody_zieme44@qtech.dev,pwd123
"Olga Bechtelar",olga_bechtelar@qtech.dev,pwd123
"Florence Hodkiewicz",florence.hodkiewicz89@qtech.dev,pwd123
"Demarco Tillman",demarco_tillman88@qtech.dev,pwd123
"Zachariah Kozey",zachariah.kozey37@qtech.dev,pwd123
"Marietta Anderson",marietta_anderson@qtech.dev,pwd123
"Edwardo Grant",edwardo.grant@qtech.dev,pwd123
"Josie Wyman",josie_wyman@qtech.dev,pwd123
"Houston Schmidt",houston_schmidt97@qtech.dev,pwd123
"Johnpaul Hickle",johnpaul_hickle92@qtech.dev,pwd123
"Boyd Schuster",boyd.schuster69@qtech.dev,pwd123
"Alanna Gleichner",alanna_gleichner@qtech.dev,pwd123
"Ulises Greenfelder",ulises_greenfelder34@qtech.dev,pwd123
"Eldred Feeney",eldred.feeney81@qtech.dev,pwd123
"Cordia Howe",cordia_howe61@qtech.dev,pwd123
"Monte Wiegand",monte_wiegand82@qtech.dev,pwd123
"Oscar Langosh",oscar_langosh50@qtech.dev,pwd123
"Harmony Koss",harmony_koss@qtech.dev,pwd123
"Ernie Ankunding",ernie.ankunding6@qtech.dev,pwd123
"Brannon Tromp",brannon.tromp@qtech.dev,pwd123
"Christopher Dach",christopher.dach35@qtech.dev,pwd123
"Loma Langosh",loma_langosh@qtech.dev,pwd123
"Alexys Feest",alexys.feest@qtech.dev,pwd123
"Isabel Corkery",isabel.corkery@qtech.dev,pwd123
"Lafayette Ratke",lafayette_ratke19@qtech.dev,pwd123
"Colten Witting",colten_witting29@qtech.dev,pwd123
"Ottilie Carroll",ottilie.carroll30@qtech.dev,pwd123
"Oma Marvin",oma.marvin@qtech.dev,pwd123
"Carey Upton",carey.upton57@qtech.dev,pwd123
"Matteo Dare",matteo_dare75@qtech.dev,pwd123
"Jordane Bayer",jordane_bayer@qtech.dev,pwd123
"Axel McDermott",axel.mcdermott@qtech.dev,pwd123
"Deshaun Kiehn",deshaun_kiehn28@qtech.dev,pwd123
"Ida Cronin",ida_cronin34@qtech.dev,pwd123
"Garry Spencer",garry.spencer@qtech.dev,pwd123
"Carter Robel",carter_robel60@qtech.dev,pwd123
"Eli McKenzie",eli_mckenzie88@qtech.dev,pwd123
"Arnoldo Kertzmann",arnoldo.kertzmann87@qtech.dev,pwd123
"Merle Yundt",merle.yundt86@qtech.dev,pwd123
"Nya Smith",nya.smith16@qtech.dev,pwd123
"Pablo O'Kon",pablo.okon70@qtech.dev,pwd123
"Orville Kuvalis",orville_kuvalis@qtech.dev,pwd123
"Catharine Kautzer",catharine.kautzer73@qtech.dev,pwd123
"Steve Gusikowski",steve.gusikowski@qtech.dev,pwd123
"Samir Gleichner",samir_gleichner31@qtech.dev,pwd123
"Randi McKenzie",randi_mckenzie14@qtech.dev,pwd123
"Kayley Boyer",kayley_boyer17@qtech.dev,pwd123
"Favian Wiegand",favian.wiegand99@qtech.dev,pwd123
"Casey Rice",casey.rice@qtech.dev,pwd123
"Jaqueline Kreiger",jaqueline_kreiger@qtech.dev,pwd123
"Merl Wyman",merl_wyman@qtech.dev,pwd123
"Lexi Parisian",lexi.parisian@qtech.dev,pwd123
"Luna Cormier",luna.cormier@qtech.dev,pwd123
"Jeffrey Hane",jeffrey_hane69@qtech.dev,pwd123
"Chloe Stark",chloe.stark52@qtech.dev,pwd123
"Matilda Ernser",matilda_ernser89@qtech.dev,pwd123
"Cierra Bartoletti",cierra.bartoletti13@qtech.dev,pwd123
"Shaylee Parisian",shaylee.parisian@qtech.dev,pwd123
"Eloisa Gerhold",eloisa.gerhold13@qtech.dev,pwd123
"Eusebio Kuphal",eusebio.kuphal75@qtech.dev,pwd123
"Shaina Aufderhar",shaina_aufderhar90@qtech.dev,pwd123
"Tommie West",tommie_west@qtech.dev,pwd123
"Pearl Nader",pearl.nader@qtech.dev,pwd123
"Jarrell Effertz",jarrell.effertz4@qtech.dev,pwd123
"Camren Yost",camren_yost7@qtech.dev,pwd123
"Vito Fay",vito.fay@qtech.dev,pwd123
"Barrett Rippin",barrett_rippin66@qtech.dev,pwd123
"Leonor Schulist",leonor.schulist@qtech.dev,pwd123
"Wiley Russel",wiley_russel@qtech.dev,pwd123
"Ari Wuckert",ari.wuckert@qtech.dev,pwd123
"Lonzo Lowe",lonzo_lowe52@qtech.dev,pwd123
"Kay Quigley",kay_quigley@qtech.dev,pwd123
"Eliseo Braun",eliseo.braun@qtech.dev,pwd123
"Emma Stracke",emma_stracke49@qtech.dev,pwd123
"Kip Langosh",kip.langosh@qtech.dev,pwd123
"Kelton Larkin",kelton_larkin@qtech.dev,pwd123
"Karlie Wunsch",karlie_wunsch@qtech.dev,pwd123
"Tiana Sawayn",tiana_sawayn@qtech.dev,pwd123
"Napoleon Kuhn",napoleon.kuhn@qtech.dev,pwd123
"Benton Donnelly",benton.donnelly15@qtech.dev,pwd123
"Orin Hettinger",orin_hettinger27@qtech.dev,pwd123
"Victor Lang",victor_lang@qtech.dev,pwd123
"Lew Torp",lew.torp@qtech.dev,pwd123
"Curt Flatley",curt_flatley66@qtech.dev,pwd123
"Gretchen Towne",gretchen.towne@qtech.dev,pwd123
"Rhoda Dietrich",rhoda_dietrich@qtech.dev,pwd123
"Hailie Daniel",hailie.daniel8@qtech.dev,pwd123
"Jedidiah Beer",jedidiah.beer@qtech.dev,pwd123
"Edd Crona",edd_crona@qtech.dev,pwd123
"Malika Runolfsdottir",malika_runolfsdottir29@qtech.dev,pwd123
"Judah Lueilwitz",judah.lueilwitz43@qtech.dev,pwd123
"Jarrett Gutkowski",jarrett_gutkowski@qtech.dev,pwd123
"Carter Sipes",carter_sipes98@qtech.dev,pwd123
"Magnus Rosenbaum",magnus.rosenbaum@qtech.dev,pwd123
"Linnea Waters",linnea_waters36@qtech.dev,pwd123
"Valentina Schmitt",valentina_schmitt4@qtech.dev,pwd123
"Tomas Douglas",tomas_douglas5@qtech.dev,pwd123
"Lurline Beatty",lurline_beatty@qtech.dev,pwd123
"Ashleigh Kiehn",ashleigh.kiehn61@qtech.dev,pwd123
"Taryn Hintz",taryn_hintz24@qtech.dev,pwd123
"Toby Bayer",toby_bayer@qtech.dev,pwd123
"Eden Becker",eden.becker@qtech.dev,pwd123
"Delaney Beatty",delaney.beatty@qtech.dev,pwd123
"Gerald Daugherty",gerald.daugherty@qtech.dev,pwd123
"Lesley Hilpert",lesley_hilpert42@qtech.dev,pwd123
"Gideon Kris",gideon_kris@qtech.dev,pwd123
"Deanna Leuschke",deanna_leuschke91@qtech.dev,pwd123
"Marshall Schmeler",marshall.schmeler@qtech.dev,pwd123
"Keyon Volkman",keyon.volkman@qtech.dev,pwd123
"Delilah Macejkovic",delilah_macejkovic64@qtech.dev,pwd123
"Carolina Hansen-Paucek",carolina_hansen-paucek@qtech.dev,pwd123
"Maurine Volkman",maurine_volkman28@qtech.dev,pwd123
"Rory Feeney",rory.feeney@qtech.dev,pwd123
"Brenna Skiles",brenna.skiles74@qtech.dev,pwd123
"Isac Kirlin",isac.kirlin97@qtech.dev,pwd123
"Brannon Tillman",brannon_tillman19@qtech.dev,pwd123
"Duncan Heaney",duncan_heaney61@qtech.dev,pwd123
"Kathleen Willms",kathleen.willms@qtech.dev,pwd123
"Jevon Conroy",jevon.conroy89@qtech.dev,pwd123
"Ford Treutel",ford_treutel27@qtech.dev,pwd123
"Hester Satterfield",hester.satterfield13@qtech.dev,pwd123
"Mohammad Cummerata",mohammad.cummerata@qtech.dev,pwd123
"Darrion Terry",darrion.terry20@qtech.dev,pwd123
"Linnea Greenfelder",linnea_greenfelder28@qtech.dev,pwd123
"Pablo Gulgowski",pablo_gulgowski52@qtech.dev,pwd123
"Houston Fay",houston.fay26@qtech.dev,pwd123
"Stacey Ferry",stacey.ferry@qtech.dev,pwd123
"Bonnie Johnson",bonnie.johnson@qtech.dev,pwd123
"Columbus Boehm",columbus.boehm@qtech.dev,pwd123
"Kristopher Johnson",kristopher.johnson@qtech.dev,pwd123
"Petra Schamberger",petra_schamberger24@qtech.dev,pwd123
"Marina Friesen-Reichert",marina.friesen-reichert90@qtech.dev,pwd123
"Adrien Stamm",adrien.stamm24@qtech.dev,pwd123
"Clinton Casper",clinton_casper@qtech.dev,pwd123
"Marlene Stehr",marlene.stehr70@qtech.dev,pwd123
"Freddy Zulauf",freddy_zulauf@qtech.dev,pwd123
"Clemmie Wyman",clemmie_wyman@qtech.dev,pwd123
"Mateo Stamm",mateo.stamm@qtech.dev,pwd123
"Lacy White",lacy_white@qtech.dev,pwd123
"Lauretta Hartmann",lauretta.hartmann9@qtech.dev,pwd123
"Idell Schroeder",idell.schroeder4@qtech.dev,pwd123
"Susan Rolfson",susan_rolfson27@qtech.dev,pwd123
"Connor Kilback",connor_kilback@qtech.dev,pwd123
"Maria Effertz",maria.effertz@qtech.dev,pwd123
"Rocky Lubowitz",rocky.lubowitz@qtech.dev,pwd123
"Karli Gulgowski",karli_gulgowski@qtech.dev,pwd123
"Jesus Donnelly",jesus_donnelly@qtech.dev,pwd123
"Connie Gleichner",connie.gleichner@qtech.dev,pwd123
"Jadon Huel",jadon.huel99@qtech.dev,pwd123
"Jairo Hoeger",jairo.hoeger17@qtech.dev,pwd123
"Orlo McDermott",orlo_mcdermott10@qtech.dev,pwd123
"Naomi Smitham",naomi_smitham76@qtech.dev,pwd123
"Nick O'Kon",nick.okon@qtech.dev,pwd123
"Otho Renner",otho.renner@qtech.dev,pwd123
"Opal Welch",opal_welch92@qtech.dev,pwd123
"Roy Marquardt",roy.marquardt@qtech.dev,pwd123
"Paige Purdy",paige_purdy46@qtech.dev,pwd123
"Isabell Wiegand-Homenick",isabell.wiegand-homenick66@qtech.dev,pwd123
"Conner Hermann",conner.hermann87@qtech.dev,pwd123
"Elyssa Carroll",elyssa_carroll@qtech.dev,pwd123
"Maxime Rutherford",maxime.rutherford7@qtech.dev,pwd123
"Russ Quitzon",russ_quitzon54@qtech.dev,pwd123
"Nigel Ruecker",nigel.ruecker@qtech.dev,pwd123
"Marisa Tremblay",marisa.tremblay36@qtech.dev,pwd123
"Tevin Waters",tevin_waters1@qtech.dev,pwd123
"Darby Murazik",darby.murazik@qtech.dev,pwd123
"Frederique Auer",frederique.auer@qtech.dev,pwd123
"Clovis Schaefer",clovis_schaefer@qtech.dev,pwd123
"Ivory Wiza",ivory_wiza@qtech.dev,pwd123
"Shanel Greenholt",shanel.greenholt@qtech.dev,pwd123
"Griffin Jerde",griffin.jerde@qtech.dev,pwd123
"Marcia Jones",marcia.jones@qtech.dev,pwd123
"Darian Quigley",darian.quigley29@qtech.dev,pwd123
"Brennan Deckow",brennan.deckow@qtech.dev,pwd123
"Godfrey Champlin",godfrey.champlin3@qtech.dev,pwd123
"Karelle Grimes",karelle_grimes50@qtech.dev,pwd123
"Marty Nicolas",marty_nicolas@qtech.dev,pwd123
"Lenna Langosh",lenna.langosh@qtech.dev,pwd123
"German Beier",german_beier@qtech.dev,pwd123
"Nichole Emmerich",nichole.emmerich77@qtech.dev,pwd123
"Dolly Hilpert",dolly_hilpert@qtech.dev,pwd123
"Nat O'Conner",nat_oconner8@qtech.dev,pwd123
"Eugenia Hoeger",eugenia_hoeger93@qtech.dev,pwd123
"Obie Schaefer",obie_schaefer19@qtech.dev,pwd123
"Grayce Bartell",grayce.bartell28@qtech.dev,pwd123
"Rowan Sanford",rowan_sanford68@qtech.dev,pwd123
"Margot Champlin",margot_champlin@qtech.dev,pwd123
"Mekhi Rodriguez",mekhi_rodriguez@qtech.dev,pwd123
"Sadye Emmerich",sadye.emmerich98@qtech.dev,pwd123
"Mellie Hilpert",mellie_hilpert23@qtech.dev,pwd123
"Dwight Raynor",dwight.raynor88@qtech.dev,pwd123
"Abdullah Spencer",abdullah.spencer@qtech.dev,pwd123
"Ollie Monahan",ollie_monahan@qtech.dev,pwd123
"Reymundo Lesch",reymundo.lesch26@qtech.dev,pwd123
"Nicole Boehm",nicole.boehm@qtech.dev,pwd123
"Patience Mayer",patience_mayer85@qtech.dev,pwd123
"Meda Schmidt",meda.schmidt@qtech.dev,pwd123
"Elinor Volkman",elinor.volkman78@qtech.dev,pwd123
"Wilburn Kirlin",wilburn.kirlin13@qtech.dev,pwd123
"Fausto Kassulke",fausto_kassulke87@qtech.dev,pwd123
"Savanna Vandervort",savanna.vandervort92@qtech.dev,pwd123
"Syble Carter",syble.carter@qtech.dev,pwd123
"Lester Brekke",lester.brekke29@qtech.dev,pwd123
"Leatha McDermott",leatha.mcdermott50@qtech.dev,pwd123
"Dessie Fritsch",dessie_fritsch58@qtech.dev,pwd123
"Hudson Stark",hudson.stark@qtech.dev,pwd123
"Janiya Beer",janiya_beer@qtech.dev,pwd123
"Josiah O'Keefe",josiah.okeefe@qtech.dev,pwd123
"Demarcus Connelly",demarcus.connelly21@qtech.dev,pwd123
"Kasey Kuvalis",kasey.kuvalis97@qtech.dev,pwd123
"Trevor Altenwerth",trevor_altenwerth@qtech.dev,pwd123
"Josephine Marks",josephine.marks@qtech.dev,pwd123
"Kristian Howe",kristian_howe43@qtech.dev,pwd123
"Wilfredo Grady",wilfredo_grady12@qtech.dev,pwd123
"Bailee Schiller-O'Conner",bailee.schiller-oconner@qtech.dev,pwd123
"Christy Adams",christy_adams6@qtech.dev,pwd123
"Colton Russel",colton.russel@qtech.dev,pwd123
"Felix Trantow",felix.trantow@qtech.dev,pwd123
"Reid Sawayn",reid_sawayn@qtech.dev,pwd123
"Elfrieda Hirthe-Cartwright",elfrieda_hirthe-cartwright79@qtech.dev,pwd123
"Cecilia Gottlieb",cecilia_gottlieb10@qtech.dev,pwd123
"Melyssa Gislason",melyssa.gislason19@qtech.dev,pwd123
"Adell Boyer",adell.boyer13@qtech.dev,pwd123
"Cade Tremblay",cade_tremblay@qtech.dev,pwd123
"Veronica Bogisich",veronica_bogisich45@qtech.dev,pwd123
"Karl Emmerich",karl_emmerich62@qtech.dev,pwd123
"Boyd Lang",boyd.lang@qtech.dev,pwd123
"Braeden Smith",braeden_smith@qtech.dev,pwd123
"Cary Willms-Ziemann",cary.willms-ziemann51@qtech.dev,pwd123
"Melvina Ryan",melvina_ryan66@qtech.dev,pwd123
"Berenice Tillman",berenice.tillman@qtech.dev,pwd123
"Adell Huels",adell_huels58@qtech.dev,pwd123
"Nicolas Cassin",nicolas_cassin73@qtech.dev,pwd123
"Dwight Schulist-Witting",dwight_schulist-witting@qtech.dev,pwd123
"Petra Hermann",petra.hermann@qtech.dev,pwd123
"Magnolia Brekke",magnolia_brekke23@qtech.dev,pwd123
"Laury Franey",laury.franey96@qtech.dev,pwd123
"Alayna Harris",alayna.harris@qtech.dev,pwd123
"Eunice Dietrich-Berge",eunice_dietrich-berge47@qtech.dev,pwd123
"Lulu Parker",lulu_parker@qtech.dev,pwd123
"Treva Dickinson",treva.dickinson3@qtech.dev,pwd123
"Diamond Feil",diamond_feil23@qtech.dev,pwd123
"Kristian Rosenbaum",kristian.rosenbaum33@qtech.dev,pwd123
"Shanny Macejkovic",shanny.macejkovic@qtech.dev,pwd123
"Jarrod Langworth",jarrod.langworth26@qtech.dev,pwd123
"Charley Haley",charley_haley7@qtech.dev,pwd123
"Leslie Fay",leslie.fay@qtech.dev,pwd123
"Rocio Torphy",rocio.torphy@qtech.dev,pwd123
"Lottie Rowe",lottie.rowe10@qtech.dev,pwd123
"Savanah Heidenreich",savanah.heidenreich@qtech.dev,pwd123
"Carli Raynor",carli.raynor@qtech.dev,pwd123
"Jackeline Parker",jackeline_parker@qtech.dev,pwd123
"Godfrey Larson",godfrey_larson76@qtech.dev,pwd123
"Alex Funk",alex.funk1@qtech.dev,pwd123
"Modesto Bartell",modesto_bartell@qtech.dev,pwd123
"Walter Mitchell",walter_mitchell48@qtech.dev,pwd123
"Frances Walker",frances_walker91@qtech.dev,pwd123
"Leila Hand",leila_hand@qtech.dev,pwd123
"Jasper Stamm",jasper_stamm35@qtech.dev,pwd123
"Adela Muller",adela.muller43@qtech.dev,pwd123
"Ward Torphy",ward.torphy@qtech.dev,pwd123
"Chester Casper",chester.casper1@qtech.dev,pwd123
"Vivienne Price",vivienne.price47@qtech.dev,pwd123
"Duane Larson",duane.larson76@qtech.dev,pwd123
"Verona Marks",verona.marks@qtech.dev,pwd123
"Katelin Wunsch",katelin_wunsch@qtech.dev,pwd123
"Kieran Roob",kieran.roob83@qtech.dev,pwd123
"Ilene Schultz",ilene.schultz@qtech.dev,pwd123
"Chadd Schowalter",chadd.schowalter@qtech.dev,pwd123
"Dominic Tremblay",dominic_tremblay@qtech.dev,pwd123
"Skyla Nader",skyla.nader@qtech.dev,pwd123
"Vergie Grimes",vergie.grimes85@qtech.dev,pwd123
"Jessica Corwin",jessica.corwin14@qtech.dev,pwd123
"Arjun Streich",arjun_streich@qtech.dev,pwd123
"Elliott Fadel",elliott.fadel60@qtech.dev,pwd123
"Clemens Kerluke",clemens_kerluke@qtech.dev,pwd123
"Ellie Feeney",ellie_feeney63@qtech.dev,pwd123
"Durward Kovacek",durward.kovacek@qtech.dev,pwd123
"Otis Rogahn",otis_rogahn58@qtech.dev,pwd123
"Vicenta Donnelly",vicenta.donnelly@qtech.dev,pwd123
"Lonzo Feil-Rowe",lonzo_feil-rowe@qtech.dev,pwd123
"Mikayla Marvin",mikayla.marvin@qtech.dev,pwd123
"Lonie Kilback",lonie_kilback47@qtech.dev,pwd123
"Brando Wolff",brando_wolff52@qtech.dev,pwd123
"Hoyt Nicolas-Abernathy",hoyt_nicolas-abernathy@qtech.dev,pwd123
"Anna Vandervort",anna.vandervort@qtech.dev,pwd123
"Maye Cummerata",maye.cummerata73@qtech.dev,pwd123
"Haley Stark",haley_stark83@qtech.dev,pwd123
"Ronny Hackett",ronny.hackett82@qtech.dev,pwd123
"Ansel Friesen",ansel.friesen@qtech.dev,pwd123
"Delores Gutkowski",delores.gutkowski@qtech.dev,pwd123
"Brennan Schimmel",brennan_schimmel9@qtech.dev,pwd123
"Alycia Haley",alycia.haley93@qtech.dev,pwd123
"Sage Hodkiewicz",sage.hodkiewicz@qtech.dev,pwd123
"Osborne McKenzie",osborne.mckenzie90@qtech.dev,pwd123
"Carolina McCullough",carolina_mccullough@qtech.dev,pwd123
"Heber Schuster",heber.schuster55@qtech.dev,pwd123
"Cole Ziemann",cole.ziemann@qtech.dev,pwd123
"Monserrat Marks",monserrat_marks@qtech.dev,pwd123
"Stefanie Zieme",stefanie.zieme89@qtech.dev,pwd123
"Stella Zieme",stella_zieme56@qtech.dev,pwd123
"Estella Stokes",estella.stokes16@qtech.dev,pwd123
"Eleanora Hammes",eleanora_hammes@qtech.dev,pwd123
"Kayleigh Huel",kayleigh.huel@qtech.dev,pwd123
"Magdalen Hahn",magdalen.hahn@qtech.dev,pwd123
"Jamar Lemke",jamar_lemke21@qtech.dev,pwd123
"Mauricio Hermann",mauricio.hermann@qtech.dev,pwd123
"Roger Fisher",roger.fisher@qtech.dev,pwd123
"Stephany Collins",stephany_collins73@qtech.dev,pwd123
"Jordy Wuckert",jordy.wuckert@qtech.dev,pwd123
"Era Bartell",era.bartell66@qtech.dev,pwd123
"Jettie Johns",jettie_johns@qtech.dev,pwd123
"Destin Schuster",destin_schuster70@qtech.dev,pwd123
"Adele Hahn",adele.hahn@qtech.dev,pwd123
"Camilla Ruecker",camilla.ruecker38@qtech.dev,pwd123
"Maude Orn",maude.orn@qtech.dev,pwd123
"Tony VonRueden",tony.vonrueden@qtech.dev,pwd123
"Cruz Schulist",cruz.schulist@qtech.dev,pwd123
"Tina Koss",tina_koss@qtech.dev,pwd123
"Jeanette Hills",jeanette.hills83@qtech.dev,pwd123
"Carroll Stamm-Pfeffer",carroll.stamm-pfeffer@qtech.dev,pwd123
"Vena Miller",vena_miller@qtech.dev,pwd123
"Candace Emard-Boehm",candace.emard-boehm27@qtech.dev,pwd123
"Christophe Brakus",christophe_brakus22@qtech.dev,pwd123
"Jamaal Gottlieb",jamaal.gottlieb53@qtech.dev,pwd123
"Tierra Carroll",tierra_carroll63@qtech.dev,pwd123
"Avery Becker",avery.becker@qtech.dev,pwd123
"Piper Howell",piper_howell@qtech.dev,pwd123
"Cassie Marks",cassie_marks@qtech.dev,pwd123
"Santino Schulist",santino.schulist@qtech.dev,pwd123
"Maritza Cartwright",maritza.cartwright33@qtech.dev,pwd123
"Elisabeth Feil",elisabeth.feil@qtech.dev,pwd123
"Gunnar Larkin",gunnar_larkin35@qtech.dev,pwd123
"Corrine Herzog",corrine.herzog51@qtech.dev,pwd123
"Vesta Dickens",vesta_dickens@qtech.dev,pwd123
"Tyra Sipes",tyra_sipes@qtech.dev,pwd123
"Lilly Rolfson",lilly_rolfson@qtech.dev,pwd123
"Jayce Cummerata",jayce_cummerata63@qtech.dev,pwd123
"Estell Bartoletti",estell_bartoletti14@qtech.dev,pwd123
"Kay Schimmel",kay.schimmel@qtech.dev,pwd123
"Taya Nader",taya.nader@qtech.dev,pwd123
"Joe Jacobi",joe.jacobi50@qtech.dev,pwd123
"Martina Hyatt",martina_hyatt0@qtech.dev,pwd123
"Emerson Kassulke-Hansen",emerson.kassulke-hansen@qtech.dev,pwd123
"Carlie Willms",carlie.willms@qtech.dev,pwd123
"Julie McLaughlin",julie_mclaughlin@qtech.dev,pwd123
"Caterina Schaden",caterina_schaden@qtech.dev,pwd123
"Margret Koss",margret.koss28@qtech.dev,pwd123
"Marisol Grimes",marisol_grimes@qtech.dev,pwd123
"Fay Beer",fay_beer@qtech.dev,pwd123
"Alycia King",alycia.king36@qtech.dev,pwd123
"Richard Powlowski",richard.powlowski25@qtech.dev,pwd123
"Romaine Kulas",romaine_kulas11@qtech.dev,pwd123
"Brianne Roob",brianne_roob38@qtech.dev,pwd123
"Maya Krajcik-Walker",maya_krajcik-walker94@qtech.dev,pwd123
"Myrtle Bednar",myrtle.bednar74@qtech.dev,pwd123
"Rosina Auer",rosina.auer@qtech.dev,pwd123
"Katlyn Koss",katlyn.koss93@qtech.dev,pwd123
"Lysanne Lang",lysanne_lang@qtech.dev,pwd123
"Clement Walsh",clement_walsh38@qtech.dev,pwd123
"Nils Zulauf",nils.zulauf@qtech.dev,pwd123
"Oswaldo MacGyver",oswaldo.macgyver21@qtech.dev,pwd123
"Wallace Bahringer",wallace.bahringer@qtech.dev,pwd123
"Madyson Koelpin",madyson.koelpin7@qtech.dev,pwd123
"Burley Macejkovic",burley_macejkovic@qtech.dev,pwd123
"Naomie Waelchi",naomie.waelchi69@qtech.dev,pwd123
"Jermaine Hilll",jermaine_hilll86@qtech.dev,pwd123
"Princess Franecki",princess_franecki@qtech.dev,pwd123
"Burdette Terry-Feeney",burdette.terry-feeney91@qtech.dev,pwd123
"Reina Williamson",reina.williamson@qtech.dev,pwd123
"Nadia Crooks",nadia.crooks@qtech.dev,pwd123
"Letitia Reichel",letitia.reichel@qtech.dev,pwd123
"Marques Weber",marques.weber77@qtech.dev,pwd123
"Adan Langosh",adan.langosh76@qtech.dev,pwd123
"Marion Kertzmann",marion.kertzmann67@qtech.dev,pwd123
"Diego Rempel",diego_rempel67@qtech.dev,pwd123
"Freeman Russel",freeman.russel@qtech.dev,pwd123
"Ezra Schuppe",ezra_schuppe99@qtech.dev,pwd123
"Ellie Hodkiewicz",ellie_hodkiewicz81@qtech.dev,pwd123
"Monty Powlowski",monty.powlowski8@qtech.dev,pwd123
"Silas Prosacco",silas.prosacco3@qtech.dev,pwd123
"Ulises Grady",ulises.grady@qtech.dev,pwd123
"Colin Luettgen",colin_luettgen@qtech.dev,pwd123
"Dallas Larkin-Smitham",dallas_larkin-smitham22@qtech.dev,pwd123
"Priscilla Dickens",priscilla_dickens59@qtech.dev,pwd123
"Peyton Kohler",peyton_kohler32@qtech.dev,pwd123
"Kian Miller",kian.miller24@qtech.dev,pwd123
"Adrian Erdman",adrian.erdman@qtech.dev,pwd123
"Lawson Hartmann",lawson_hartmann59@qtech.dev,pwd123
"April Tremblay",april_tremblay50@qtech.dev,pwd123
"Pablo Ratke",pablo_ratke@qtech.dev,pwd123
"Dashawn Torphy",dashawn.torphy93@qtech.dev,pwd123
"Maya Herzog",maya.herzog28@qtech.dev,pwd123
"Felicity Yost",felicity.yost@qtech.dev,pwd123
"Belle Bode",belle_bode@qtech.dev,pwd123
"Frieda Bogisich",frieda_bogisich@qtech.dev,pwd123
"Asa Nicolas",asa_nicolas@qtech.dev,pwd123
"Reese Nikolaus-Bosco",reese_nikolaus-bosco54@qtech.dev,pwd123
"Cornell Howe",cornell_howe86@qtech.dev,pwd123
"Alverta Reilly",alverta_reilly@qtech.dev,pwd123
"Odell Daniel",odell.daniel1@qtech.dev,pwd123
"Alivia Bashirian",alivia_bashirian33@qtech.dev,pwd123
"Pinkie Senger",pinkie_senger50@qtech.dev,pwd123
"Eleonore Gibson",eleonore.gibson@qtech.dev,pwd123
"Arvid Crooks",arvid_crooks22@qtech.dev,pwd123
"Natasha Douglas",natasha_douglas@qtech.dev,pwd123
"Boris Moore",boris.moore@qtech.dev,pwd123
"Dallin Labadie",dallin.labadie56@qtech.dev,pwd123
"Kristy Jakubowski-Parker",kristy.jakubowski-parker60@qtech.dev,pwd123
"Damien Bartoletti",damien.bartoletti10@qtech.dev,pwd123
"Faye Tillman",faye.tillman63@qtech.dev,pwd123
"Keshawn Kling",keshawn_kling@qtech.dev,pwd123
"Emmett Parker",emmett_parker99@qtech.dev,pwd123
"Jordy Haley",jordy.haley@qtech.dev,pwd123
"Gianni Lemke",gianni.lemke49@qtech.dev,pwd123
"Wilhelm Prohaska",wilhelm.prohaska21@qtech.dev,pwd123
"Pinkie Fisher",pinkie.fisher56@qtech.dev,pwd123
"Mariam Bahringer",mariam.bahringer97@qtech.dev,pwd123
"Mariana Daniel",mariana_daniel@qtech.dev,pwd123
"Ceasar Cassin",ceasar_cassin@qtech.dev,pwd123
"Jasper Oberbrunner",jasper_oberbrunner@qtech.dev,pwd123
"Merlin Aufderhar",merlin.aufderhar62@qtech.dev,pwd123
"Wilhelmine West",wilhelmine.west6@qtech.dev,pwd123
"Jevon Lind",jevon_lind23@qtech.dev,pwd123
"Arnoldo Wiza",arnoldo.wiza@qtech.dev,pwd123
"Kamron Berge",kamron.berge79@qtech.dev,pwd123
"Furman Shields",furman_shields5@qtech.dev,pwd123
"Bruce Hettinger",bruce.hettinger30@qtech.dev,pwd123
"Andre Hilpert",andre_hilpert@qtech.dev,pwd123
"Schuyler Lueilwitz",schuyler_lueilwitz@qtech.dev,pwd123
"Silas Watsica",silas.watsica68@qtech.dev,pwd123
"Tavares Pouros",tavares_pouros@qtech.dev,pwd123
"German Ratke",german.ratke@qtech.dev,pwd123
"Charley Bernier",charley_bernier@qtech.dev,pwd123
"April Rohan",april.rohan@qtech.dev,pwd123
"Devan Howe",devan.howe@qtech.dev,pwd123
"Gregory Rutherford",gregory.rutherford@qtech.dev,pwd123
"Ken Murphy-Sawayn",ken_murphy-sawayn2@qtech.dev,pwd123
"Gillian Senger",gillian_senger91@qtech.dev,pwd123
"Gwendolyn Jacobson-White",gwendolyn.jacobson-white20@qtech.dev,pwd123
"Edna Haley",edna.haley@qtech.dev,pwd123
"Brain Daniel",brain.daniel15@qtech.dev,pwd123
"Troy Kovacek",troy_kovacek9@qtech.dev,pwd123
"Lazaro Witting",lazaro.witting71@qtech.dev,pwd123
"Clay Lowe",clay.lowe@qtech.dev,pwd123
"Myra Fahey",myra.fahey48@qtech.dev,pwd123
"Bria Turcotte",bria.turcotte@qtech.dev,pwd123
"Lane Jaskolski",lane.jaskolski@qtech.dev,pwd123
"Reva Swift",reva_swift@qtech.dev,pwd123
"Ted Pacocha",ted.pacocha56@qtech.dev,pwd123
"Maximilian Mertz",maximilian.mertz@qtech.dev,pwd123
"Kira Cartwright",kira.cartwright41@qtech.dev,pwd123
"Garnett Douglas",garnett.douglas@qtech.dev,pwd123
"Isaias Fritsch",isaias_fritsch@qtech.dev,pwd123
"Angus Huel",angus_huel@qtech.dev,pwd123
"Emile Skiles",emile_skiles@qtech.dev,pwd123
"Abelardo Hilpert",abelardo_hilpert77@qtech.dev,pwd123
"Ardith Kuhn",ardith_kuhn69@qtech.dev,pwd123
"Prince Quigley",prince_quigley91@qtech.dev,pwd123
"Kayla Lemke-Cruickshank",kayla_lemke-cruickshank55@qtech.dev,pwd123
"Elva Schimmel",elva.schimmel@qtech.dev,pwd123
"Edward Kirlin",edward.kirlin@qtech.dev,pwd123
"Lucie Satterfield",lucie_satterfield19@qtech.dev,pwd123
"Brad Nicolas",brad.nicolas72@qtech.dev,pwd123
"Romaine Kerluke",romaine.kerluke63@qtech.dev,pwd123
"Rylan Parker",rylan.parker47@qtech.dev,pwd123
"Mina Kerluke",mina.kerluke77@qtech.dev,pwd123
"Eleazar Turcotte",eleazar_turcotte@qtech.dev,pwd123
"Candido Dietrich",candido.dietrich@qtech.dev,pwd123
"Dolly Torphy",dolly_torphy@qtech.dev,pwd123
"Maria Hills",maria_hills@qtech.dev,pwd123
"Emily Ernser",emily_ernser21@qtech.dev,pwd123
"Webster Turcotte",webster_turcotte18@qtech.dev,pwd123
"Caterina Orn",caterina_orn2@qtech.dev,pwd123
"Molly Koch",molly.koch32@qtech.dev,pwd123
"Spencer Dach-Cronin",spencer_dach-cronin53@qtech.dev,pwd123
"Esperanza Davis-Kutch",esperanza_davis-kutch@qtech.dev,pwd123
"Randal Padberg-Krajcik",randal.padberg-krajcik@qtech.dev,pwd123
"Garry Braun",garry_braun@qtech.dev,pwd123
"Onie Heaney",onie_heaney@qtech.dev,pwd123
"Karen Morissette",karen.morissette91@qtech.dev,pwd123
"Gonzalo Runolfsson",gonzalo_runolfsson@qtech.dev,pwd123
"Dee Keebler",dee.keebler65@qtech.dev,pwd123
"Trenton Bashirian",trenton_bashirian17@qtech.dev,pwd123
"D'angelo Johns",dangelo_johns12@qtech.dev,pwd123
"Cornelius Tremblay",cornelius_tremblay@qtech.dev,pwd123
"Kameron Bayer",kameron_bayer@qtech.dev,pwd123
"Bonita Bergstrom",bonita_bergstrom@qtech.dev,pwd123
"Rossie Farrell",rossie.farrell56@qtech.dev,pwd123
"Mandy Turner",mandy.turner95@qtech.dev,pwd123
"Jaquelin Steuber",jaquelin_steuber1@qtech.dev,pwd123
"Gail Davis",gail.davis89@qtech.dev,pwd123
"Allan Wuckert",allan_wuckert@qtech.dev,pwd123
"Tanya Carroll",tanya_carroll@qtech.dev,pwd123
"Isaias Bernier-Leuschke",isaias.bernier-leuschke82@qtech.dev,pwd123
"Laurence Brekke",laurence_brekke@qtech.dev,pwd123
"Anastasia Konopelski",anastasia.konopelski43@qtech.dev,pwd123
"Reid Dibbert",reid.dibbert@qtech.dev,pwd123
"Karianne Considine",karianne_considine@qtech.dev,pwd123
"Brycen Schoen",brycen.schoen24@qtech.dev,pwd123
"Jenifer Walter",jenifer.walter@qtech.dev,pwd123
"Khalil Adams",khalil_adams@qtech.dev,pwd123
"Donald Oberbrunner",donald.oberbrunner27@qtech.dev,pwd123
"Dino Wyman",dino.wyman@qtech.dev,pwd123
"Carlo Ryan",carlo_ryan@qtech.dev,pwd123
"Neal Berge",neal_berge37@qtech.dev,pwd123
"Dimitri Gutkowski",dimitri.gutkowski63@qtech.dev,pwd123
"Ressie Pfannerstill",ressie_pfannerstill@qtech.dev,pwd123
"Vladimir Cruickshank",vladimir_cruickshank@qtech.dev,pwd123
"Lemuel Gusikowski",lemuel_gusikowski76@qtech.dev,pwd123
"Tamia Rosenbaum",tamia.rosenbaum34@qtech.dev,pwd123
"Jessica Wiza",jessica_wiza@qtech.dev,pwd123
"Lukas Kub",lukas_kub@qtech.dev,pwd123
"Tracey Braun",tracey_braun84@qtech.dev,pwd123
"Zack Wilderman",zack_wilderman@qtech.dev,pwd123
"Kyla Mayert",kyla.mayert68@qtech.dev,pwd123
"Juwan O'Kon",juwan_okon83@qtech.dev,pwd123
"Fredy McGlynn",fredy.mcglynn54@qtech.dev,pwd123
"Margarete Boyer",margarete.boyer@qtech.dev,pwd123
"Kelvin Gerhold",kelvin.gerhold@qtech.dev,pwd123
"Stephanie Haag",stephanie_haag95@qtech.dev,pwd123
"Darren Hickle",darren.hickle84@qtech.dev,pwd123
"Jeffrey Abernathy",jeffrey.abernathy@qtech.dev,pwd123
"Amely Bahringer",amely.bahringer@qtech.dev,pwd123
"Taylor Deckow",taylor.deckow@qtech.dev,pwd123
"Elisa Hoeger",elisa.hoeger@qtech.dev,pwd123
"Jayda Ryan",jayda_ryan23@qtech.dev,pwd123
"Marcel Rice",marcel_rice68@qtech.dev,pwd123
"Eleonore Daniel",eleonore_daniel@qtech.dev,pwd123
"Laisha Hilpert",laisha_hilpert@qtech.dev,pwd123
"Carmela Runte",carmela_runte89@qtech.dev,pwd123
"Golden Nitzsche",golden.nitzsche67@qtech.dev,pwd123
"Bo Yost",bo_yost91@qtech.dev,pwd123
"Sonya Donnelly",sonya.donnelly15@qtech.dev,pwd123
"Newton Mills",newton_mills@qtech.dev,pwd123
"Edwin Lakin",edwin.lakin2@qtech.dev,pwd123
"Rachel Hickle-Fisher",rachel.hickle-fisher@qtech.dev,pwd123
"Josiah Pfeffer",josiah_pfeffer10@qtech.dev,pwd123
"Blaise Dibbert",blaise.dibbert@qtech.dev,pwd123
"Vernice Veum",vernice.veum@qtech.dev,pwd123
"Leilani Macejkovic",leilani.macejkovic28@qtech.dev,pwd123
"Aidan Becker",aidan_becker85@qtech.dev,pwd123
"Macey Green",macey.green@qtech.dev,pwd123
"Mina Abernathy",mina.abernathy56@qtech.dev,pwd123
"Polly Huel",polly.huel@qtech.dev,pwd123
"Josh Sporer",josh_sporer@qtech.dev,pwd123
"Adrienne Witting",adrienne_witting61@qtech.dev,pwd123
"Lavada Gerhold",lavada_gerhold96@qtech.dev,pwd123
"Kenneth Block",kenneth_block@qtech.dev,pwd123
"Grady Kiehn",grady_kiehn68@qtech.dev,pwd123
"Jordi Bogan",jordi_bogan@qtech.dev,pwd123
"Salvatore Wilderman",salvatore.wilderman32@qtech.dev,pwd123
"Mustafa Stoltenberg",mustafa.stoltenberg@qtech.dev,pwd123
"Kiera Upton",kiera_upton@qtech.dev,pwd123
"Obie Rolfson",obie.rolfson@qtech.dev,pwd123
"Era Mayert",era.mayert@qtech.dev,pwd123
"Kitty Davis",kitty.davis88@qtech.dev,pwd123
"Conrad McDermott",conrad.mcdermott42@qtech.dev,pwd123
"Cornell Waters",cornell_waters20@qtech.dev,pwd123
"Enrique Lakin",enrique_lakin88@qtech.dev,pwd123
"Myles Okuneva",myles_okuneva30@qtech.dev,pwd123
"Glenna Volkman",glenna_volkman@qtech.dev,pwd123
"Citlalli Borer",citlalli_borer@qtech.dev,pwd123
"Jammie Kohler",jammie.kohler@qtech.dev,pwd123
"Lenora Larkin",lenora.larkin@qtech.dev,pwd123
"Jennyfer Bernier",jennyfer_bernier44@qtech.dev,pwd123
"Emily Cole",emily_cole@qtech.dev,pwd123
"Jennifer McKenzie",jennifer.mckenzie@qtech.dev,pwd123
"Erna Streich",erna_streich68@qtech.dev,pwd123
"Marilyne Doyle",marilyne.doyle@qtech.dev,pwd123
"Fabian Langosh",fabian_langosh78@qtech.dev,pwd123
"Nels Dietrich",nels_dietrich56@qtech.dev,pwd123
"Katrina Powlowski",katrina_powlowski60@qtech.dev,pwd123
"Carlo Will",carlo_will76@qtech.dev,pwd123
"Berenice Bernhard",berenice.bernhard@qtech.dev,pwd123
"Onie Dooley",onie_dooley@qtech.dev,pwd123
"Gregoria Anderson",gregoria.anderson@qtech.dev,pwd123
"Quinten Leannon",quinten_leannon3@qtech.dev,pwd123
"Camille Cruickshank",camille.cruickshank@qtech.dev,pwd123
"Clotilde Berge",clotilde.berge98@qtech.dev,pwd123
"Adelia Will",adelia_will58@qtech.dev,pwd123
"Shayna Abbott",shayna_abbott25@qtech.dev,pwd123
"Abdullah Wiegand",abdullah.wiegand@qtech.dev,pwd123
"Barney Homenick",barney_homenick@qtech.dev,pwd123
"Ignatius Jaskolski",ignatius.jaskolski9@qtech.dev,pwd123
"Albertha Heller",albertha.heller55@qtech.dev,pwd123
"Drake Keeling",drake.keeling@qtech.dev,pwd123
"Jammie Bruen",jammie_bruen@qtech.dev,pwd123
"Blaise Parker",blaise_parker58@qtech.dev,pwd123
"Andrew Leffler",andrew_leffler14@qtech.dev,pwd123
"Caden Funk",caden.funk@qtech.dev,pwd123
"Koby Hickle",koby.hickle@qtech.dev,pwd123
"Kim Goldner-Jakubowski",kim.goldner-jakubowski86@qtech.dev,pwd123
"Miguel Hickle",miguel.hickle@qtech.dev,pwd123
"Myra Schmitt",myra_schmitt@qtech.dev,pwd123
"Pierce Bode",pierce_bode@qtech.dev,pwd123
"Alvera Hyatt",alvera_hyatt1@qtech.dev,pwd123
"Rafaela Ledner",rafaela_ledner49@qtech.dev,pwd123
"Daphney Pacocha",daphney_pacocha5@qtech.dev,pwd123
"Sarina Sawayn",sarina.sawayn16@qtech.dev,pwd123
"Elna Stoltenberg",elna.stoltenberg@qtech.dev,pwd123
"Owen Harris",owen.harris35@qtech.dev,pwd123
"Justen Wyman",justen.wyman99@qtech.dev,pwd123
"Ned Smitham",ned.smitham@qtech.dev,pwd123
"Ford Brakus",ford.brakus@qtech.dev,pwd123
"Dejah Kirlin",dejah.kirlin@qtech.dev,pwd123
"Jerald Towne",jerald_towne73@qtech.dev,pwd123
"Mohamed Collins",mohamed_collins@qtech.dev,pwd123
"Lucious Rosenbaum",lucious_rosenbaum26@qtech.dev,pwd123
"Antwon Feil",antwon_feil50@qtech.dev,pwd123
"Hanna Windler",hanna.windler@qtech.dev,pwd123
"Tyree Walker",tyree_walker81@qtech.dev,pwd123
"Francesca Quitzon",francesca_quitzon90@qtech.dev,pwd123
"Abigale Sanford",abigale_sanford34@qtech.dev,pwd123
"Jaron Abernathy",jaron_abernathy@qtech.dev,pwd123
"Joana Wolff",joana.wolff@qtech.dev,pwd123
"Ariel Cole",ariel_cole99@qtech.dev,pwd123
"Florida Brown",florida_brown85@qtech.dev,pwd123
"Samanta Nienow",samanta_nienow49@qtech.dev,pwd123
"Avis Kuphal",avis.kuphal46@qtech.dev,pwd123
"Morgan Kilback",morgan.kilback64@qtech.dev,pwd123
"Grayce Wilderman",grayce.wilderman@qtech.dev,pwd123
"Novella Blanda",novella.blanda95@qtech.dev,pwd123
"Thea Vandervort",thea_vandervort@qtech.dev,pwd123
"Natalia Nicolas",natalia_nicolas57@qtech.dev,pwd123
"Jackeline Spencer",jackeline.spencer88@qtech.dev,pwd123
"Brad Reinger",brad_reinger@qtech.dev,pwd123
"Ebba Crist",ebba.crist@qtech.dev,pwd123
"Jimmy Wolf",jimmy.wolf36@qtech.dev,pwd123
"Elenor Leffler",elenor.leffler@qtech.dev,pwd123
"Gerard Watsica",gerard.watsica54@qtech.dev,pwd123
"Tad Crist",tad.crist@qtech.dev,pwd123
"Margie Dibbert",margie.dibbert20@qtech.dev,pwd123
"America Ritchie",america_ritchie86@qtech.dev,pwd123
"Friedrich Brakus",friedrich_brakus35@qtech.dev,pwd123
"Alexandro Bechtelar",alexandro_bechtelar@qtech.dev,pwd123
"Clement Ziemann",clement.ziemann@qtech.dev,pwd123
"Braulio Schaefer",braulio_schaefer78@qtech.dev,pwd123
"Marlene Roob",marlene_roob52@qtech.dev,pwd123
"Alberto Gibson",alberto.gibson@qtech.dev,pwd123
"Lizeth Klein",lizeth.klein@qtech.dev,pwd123
"Lionel Roberts",lionel.roberts@qtech.dev,pwd123
"Hallie Schowalter",hallie.schowalter@qtech.dev,pwd123
"Zoila Larson",zoila_larson62@qtech.dev,pwd123
"Megane Grimes",megane.grimes96@qtech.dev,pwd123
"Micheal Blanda",micheal_blanda39@qtech.dev,pwd123
"Wade Mraz-Paucek",wade.mraz-paucek@qtech.dev,pwd123
"Crawford Collier",crawford_collier71@qtech.dev,pwd123
"Robyn Thiel",robyn.thiel@qtech.dev,pwd123
"Mose Gusikowski",mose.gusikowski@qtech.dev,pwd123
"Shirley Pfeffer",shirley_pfeffer18@qtech.dev,pwd123
"Zackery Schuppe",zackery.schuppe@qtech.dev,pwd123
"Sean Gorczany",sean.gorczany@qtech.dev,pwd123
"Mara Champlin",mara.champlin35@qtech.dev,pwd123
"Isobel Champlin",isobel.champlin45@qtech.dev,pwd123
"Dejon McGlynn",dejon.mcglynn17@qtech.dev,pwd123
"Jakob Wintheiser",jakob.wintheiser@qtech.dev,pwd123
"Kaleb Koss-Monahan",kaleb.koss-monahan11@qtech.dev,pwd123
"Edwardo Shanahan",edwardo.shanahan@qtech.dev,pwd123
"Edgardo Kreiger",edgardo_kreiger@qtech.dev,pwd123
"Maxime Lehner",maxime.lehner17@qtech.dev,pwd123
"Wilhelm Ziemann",wilhelm_ziemann65@qtech.dev,pwd123
"Cyril Wunsch",cyril.wunsch@qtech.dev,pwd123
"Tamara Ratke",tamara_ratke87@qtech.dev,pwd123
"Caitlyn Dach",caitlyn.dach@qtech.dev,pwd123
"Chaim Jakubowski",chaim_jakubowski@qtech.dev,pwd123
"Noelia Legros",noelia_legros76@qtech.dev,pwd123
"Sabryna Jacobson",sabryna.jacobson61@qtech.dev,pwd123
"Earnestine Will",earnestine.will49@qtech.dev,pwd123
"Isadore Williamson",isadore_williamson@qtech.dev,pwd123
"Trace Kemmer",trace_kemmer@qtech.dev,pwd123
"Monserrate Larkin",monserrate_larkin3@qtech.dev,pwd123
"Samara Baumbach",samara_baumbach21@qtech.dev,pwd123
"Twila Wuckert",twila.wuckert@qtech.dev,pwd123
"Devon Blanda",devon.blanda@qtech.dev,pwd123
"Gerald Quigley",gerald.quigley21@qtech.dev,pwd123
"Chris Koss-Schmidt",chris.koss-schmidt@qtech.dev,pwd123
"Damian Bartell",damian.bartell83@qtech.dev,pwd123
"Jana Hagenes",jana.hagenes91@qtech.dev,pwd123
"Adrianna Davis",adrianna.davis@qtech.dev,pwd123
"Jamarcus Yundt",jamarcus.yundt@qtech.dev,pwd123
"Robb Rohan",robb_rohan@qtech.dev,pwd123
"Rosalyn Kertzmann",rosalyn.kertzmann23@qtech.dev,pwd123
"Calista Kautzer",calista_kautzer61@qtech.dev,pwd123
"Meggie Monahan",meggie_monahan72@qtech.dev,pwd123
"Freeda Becker",freeda_becker69@qtech.dev,pwd123
"Beatrice Kris",beatrice.kris@qtech.dev,pwd123
"Aurelio Wuckert",aurelio.wuckert@qtech.dev,pwd123
"Brad Gorczany",brad_gorczany30@qtech.dev,pwd123
"Landen Gibson",landen_gibson17@qtech.dev,pwd123
"Laila Hintz",laila.hintz@qtech.dev,pwd123
"Lane Ledner-Keebler",lane_ledner-keebler@qtech.dev,pwd123
"Dorris Greenholt",dorris.greenholt53@qtech.dev,pwd123
"Patricia Weissnat",patricia_weissnat4@qtech.dev,pwd123
"Libby Abernathy",libby_abernathy45@qtech.dev,pwd123
"Rasheed Wilkinson",rasheed.wilkinson27@qtech.dev,pwd123
"Shyanne Harvey",shyanne_harvey@qtech.dev,pwd123
"Pierce Durgan",pierce.durgan@qtech.dev,pwd123
"Ressie West-Franecki",ressie.west-franecki@qtech.dev,pwd123
"Brayan Kunde",brayan_kunde@qtech.dev,pwd123
"Joel Abshire",joel.abshire@qtech.dev,pwd123
"Kaitlyn Flatley",kaitlyn.flatley@qtech.dev,pwd123
"Trever Tremblay",trever_tremblay@qtech.dev,pwd123
"Lina Nicolas",lina.nicolas63@qtech.dev,pwd123
"Norbert Kertzmann",norbert.kertzmann@qtech.dev,pwd123
"Lavon Ryan",lavon.ryan@qtech.dev,pwd123
"Alba Batz-Haley",alba.batz-haley@qtech.dev,pwd123
"Orland Steuber",orland_steuber88@qtech.dev,pwd123
"Jan Ruecker-Wintheiser",jan.ruecker-wintheiser88@qtech.dev,pwd123
"Marianne Sporer",marianne_sporer@qtech.dev,pwd123
"Clarabelle Pfannerstill",clarabelle_pfannerstill@qtech.dev,pwd123
"Lou McDermott",lou_mcdermott@qtech.dev,pwd123
"Candelario Spencer",candelario.spencer@qtech.dev,pwd123
"Drew Sipes",drew.sipes@qtech.dev,pwd123
"Yasmine Welch",yasmine.welch@qtech.dev,pwd123
"Ian Kling",ian.kling@qtech.dev,pwd123
"Delpha Gorczany",delpha.gorczany@qtech.dev,pwd123
"Okey Kuhic",okey_kuhic54@qtech.dev,pwd123
"Frederic Howell",frederic.howell@qtech.dev,pwd123
"Emilie Connelly",emilie_connelly64@qtech.dev,pwd123
"Louisa Hermann",louisa.hermann@qtech.dev,pwd123
"Desiree Keebler",desiree_keebler3@qtech.dev,pwd123
"Art Marvin",art.marvin50@qtech.dev,pwd123
"Evangeline Pfannerstill",evangeline_pfannerstill84@qtech.dev,pwd123
"Josianne Lockman",josianne_lockman71@qtech.dev,pwd123
"Chanel Grimes",chanel_grimes68@qtech.dev,pwd123
"Loraine Howell",loraine.howell@qtech.dev,pwd123
"Alyce Braun",alyce_braun87@qtech.dev,pwd123
"Filiberto Altenwerth",filiberto_altenwerth@qtech.dev,pwd123
"Ashtyn Macejkovic",ashtyn.macejkovic92@qtech.dev,pwd123
"Katlyn Jerde",katlyn_jerde70@qtech.dev,pwd123
"Sheila Cormier-Stark",sheila.cormier-stark12@qtech.dev,pwd123
"Elton Wuckert",elton_wuckert@qtech.dev,pwd123
"Urban Becker",urban.becker35@qtech.dev,pwd123
"Aron Bode",aron.bode43@qtech.dev,pwd123
"Stephany Gutkowski",stephany.gutkowski8@qtech.dev,pwd123
"Fausto Wintheiser",fausto.wintheiser45@qtech.dev,pwd123
"Vernice Watsica",vernice.watsica52@qtech.dev,pwd123
"Idella Fay",idella.fay@qtech.dev,pwd123
"Felicity Lehner",felicity_lehner83@qtech.dev,pwd123
"Kaci Hahn",kaci.hahn@qtech.dev,pwd123
"Eddie Kassulke",eddie_kassulke24@qtech.dev,pwd123
"Obie Schiller",obie_schiller@qtech.dev,pwd123
"Penelope Schultz",penelope_schultz@qtech.dev,pwd123
"Adell Bartoletti",adell_bartoletti91@qtech.dev,pwd123
"Triston Monahan",triston.monahan@qtech.dev,pwd123
"Reina Feil",reina.feil@qtech.dev,pwd123
"Brennon Baumbach",brennon_baumbach@qtech.dev,pwd123
"Doug Lakin",doug.lakin4@qtech.dev,pwd123
"Morton Lockman",morton.lockman@qtech.dev,pwd123
"Mustafa Luettgen",mustafa.luettgen@qtech.dev,pwd123
"Blair Ankunding",blair_ankunding67@qtech.dev,pwd123
"Solon Wisoky",solon.wisoky88@qtech.dev,pwd123
"Annie Wiegand",annie_wiegand@qtech.dev,pwd123
"Charity Bode",charity_bode@qtech.dev,pwd123
"Hillard Zieme",hillard.zieme99@qtech.dev,pwd123
"Newton Daugherty",newton_daugherty21@qtech.dev,pwd123
"Elvie Jones",elvie_jones@qtech.dev,pwd123
"Sarai Spinka",sarai.spinka@qtech.dev,pwd123
"Emmalee Simonis",emmalee_simonis@qtech.dev,pwd123
"Alda Hirthe",alda.hirthe@qtech.dev,pwd123
"Armando Runte",armando.runte@qtech.dev,pwd123
"Adalberto Runolfsson",adalberto_runolfsson@qtech.dev,pwd123
"Marvin Schultz",marvin.schultz17@qtech.dev,pwd123
"Francesco Erdman",francesco_erdman@qtech.dev,pwd123
"Kameron Beahan",kameron.beahan60@qtech.dev,pwd123
"Issac Kris",issac.kris48@qtech.dev,pwd123
"Shanny Luettgen",shanny_luettgen16@qtech.dev,pwd123
"Jamal McKenzie",jamal_mckenzie46@qtech.dev,pwd123
"Sylvester Harvey",sylvester_harvey@qtech.dev,pwd123
"Jerrold Hickle",jerrold.hickle@qtech.dev,pwd123
"Phyllis Wiza",phyllis_wiza@qtech.dev,pwd123
"Fernando Kutch",fernando_kutch@qtech.dev,pwd123
"Violet Fisher",violet_fisher@qtech.dev,pwd123
"Pearl Zemlak",pearl_zemlak40@qtech.dev,pwd123
"Jeramie Prosacco",jeramie_prosacco94@qtech.dev,pwd123
"Jakob Walsh",jakob_walsh99@qtech.dev,pwd123
"Micah Fay",micah_fay@qtech.dev,pwd123
"Fabian Morar-Harvey",fabian_morar-harvey27@qtech.dev,pwd123
"Bonita Abshire",bonita_abshire55@qtech.dev,pwd123
"Amy Bechtelar",amy_bechtelar5@qtech.dev,pwd123
"Price Morissette",price_morissette35@qtech.dev,pwd123
"Hunter Hegmann",hunter.hegmann70@qtech.dev,pwd123
"Terry Fritsch",terry.fritsch@qtech.dev,pwd123
"Callie Will",callie_will86@qtech.dev,pwd123
"Kareem Stroman",kareem_stroman@qtech.dev,pwd123
"Wendell Altenwerth",wendell.altenwerth80@qtech.dev,pwd123
"Tatyana Doyle",tatyana_doyle@qtech.dev,pwd123
"Patience Senger",patience.senger60@qtech.dev,pwd123
"Jose O'Hara",jose_ohara@qtech.dev,pwd123
"Roger Altenwerth",roger.altenwerth35@qtech.dev,pwd123
"Kip Jast",kip.jast@qtech.dev,pwd123
"Pansy Klein",pansy_klein65@qtech.dev,pwd123
"Rogelio Lindgren",rogelio_lindgren@qtech.dev,pwd123
"Kallie Raynor",kallie.raynor95@qtech.dev,pwd123
"Mauricio Farrell",mauricio.farrell83@qtech.dev,pwd123
"Anissa Larson",anissa_larson@qtech.dev,pwd123
"Franco Thompson",franco.thompson@qtech.dev,pwd123
"Anika Koepp-Mayer",anika.koepp-mayer32@qtech.dev,pwd123
"Ford Dach",ford.dach@qtech.dev,pwd123
"Shanie Johnson",shanie_johnson16@qtech.dev,pwd123
"Jenifer Cummings",jenifer.cummings@qtech.dev,pwd123
"Franco Hegmann",franco.hegmann@qtech.dev,pwd123
"Clare Goyette",clare_goyette33@qtech.dev,pwd123
"Gregory Stehr",gregory.stehr46@qtech.dev,pwd123
"Rocio Torp",rocio.torp18@qtech.dev,pwd123
"Buster Heller",buster_heller14@qtech.dev,pwd123
"Shanon Ruecker",shanon.ruecker91@qtech.dev,pwd123
"Keeley Stiedemann",keeley.stiedemann@qtech.dev,pwd123
"Molly Padberg",molly_padberg@qtech.dev,pwd123
"Porter Halvorson",porter_halvorson30@qtech.dev,pwd123
"Maureen Fadel-Christiansen",maureen.fadel-christiansen@qtech.dev,pwd123
"Norene Hermiston",norene_hermiston91@qtech.dev,pwd123
"Maxwell Stiedemann",maxwell_stiedemann29@qtech.dev,pwd123
"Dannie Bogisich",dannie.bogisich@qtech.dev,pwd123
"Delaney Breitenberg",delaney.breitenberg23@qtech.dev,pwd123
"Cicero Upton",cicero.upton21@qtech.dev,pwd123
"Lacy Breitenberg",lacy.breitenberg@qtech.dev,pwd123
"Anderson Douglas",anderson.douglas75@qtech.dev,pwd123
"Briana Rogahn",briana_rogahn92@qtech.dev,pwd123
"Ara Beier",ara.beier@qtech.dev,pwd123
"Charles Yost",charles_yost@qtech.dev,pwd123
"Watson Lind",watson.lind97@qtech.dev,pwd123
"Aurelia Huels",aurelia_huels94@qtech.dev,pwd123
"Kiera Wiza",kiera.wiza53@qtech.dev,pwd123
"Melvina Leuschke",melvina_leuschke@qtech.dev,pwd123
"Gerhard Bernier",gerhard_bernier85@qtech.dev,pwd123
"Caleb Beahan-Becker",caleb_beahan-becker@qtech.dev,pwd123
"Kailey Rolfson",kailey.rolfson@qtech.dev,pwd123
"Ashleigh Baumbach",ashleigh.baumbach21@qtech.dev,pwd123
"Herminio Marquardt",herminio.marquardt51@qtech.dev,pwd123
"Frankie Koelpin",frankie.koelpin@qtech.dev,pwd123
"Alisha Tremblay",alisha_tremblay@qtech.dev,pwd123
"Tressie Schmidt",tressie_schmidt@qtech.dev,pwd123
"Devon Kub",devon.kub@qtech.dev,pwd123
"Lottie Wilkinson",lottie_wilkinson@qtech.dev,pwd123
"Nickolas Collier",nickolas.collier21@qtech.dev,pwd123
"Gianni Rau",gianni_rau78@qtech.dev,pwd123
"Jodie Lindgren",jodie.lindgren0@qtech.dev,pwd123
"Wilton Weissnat-Christiansen",wilton_weissnat-christiansen@qtech.dev,pwd123
"Nicklaus Kuhic",nicklaus_kuhic@qtech.dev,pwd123
"Katrine Spencer",katrine.spencer63@qtech.dev,pwd123
"Bridget Schmidt",bridget.schmidt93@qtech.dev,pwd123
"Kristian Lehner",kristian_lehner@qtech.dev,pwd123
"Kyleigh Murazik",kyleigh.murazik75@qtech.dev,pwd123
"Rahsaan Shields",rahsaan_shields57@qtech.dev,pwd123
"Donnell Ziemann",donnell_ziemann@qtech.dev,pwd123
"Noel Bergnaum",noel.bergnaum91@qtech.dev,pwd123
"Jesus Volkman",jesus.volkman80@qtech.dev,pwd123
"Effie Hickle",effie_hickle95@qtech.dev,pwd123
"Dakota Goldner",dakota.goldner40@qtech.dev,pwd123
"Lukas Borer",lukas.borer61@qtech.dev,pwd123
"Myles Medhurst",myles_medhurst19@qtech.dev,pwd123
"Oda Farrell",oda_farrell83@qtech.dev,pwd123
"Josefa Ebert",josefa.ebert30@qtech.dev,pwd123
"Velva Yundt",velva_yundt22@qtech.dev,pwd123
"Leopold Shields",leopold_shields@qtech.dev,pwd123
"Hillard Toy",hillard_toy57@qtech.dev,pwd123
"Colt Herzog",colt_herzog10@qtech.dev,pwd123
"Brooke Buckridge",brooke_buckridge@qtech.dev,pwd123
"Emory Reichel",emory_reichel@qtech.dev,pwd123
"Robyn Trantow",robyn_trantow@qtech.dev,pwd123
"Jordyn Ryan",jordyn.ryan@qtech.dev,pwd123
"Katheryn Hane",katheryn.hane@qtech.dev,pwd123
"Marlene Rippin",marlene_rippin96@qtech.dev,pwd123
"Era Lebsack-Emmerich",era_lebsack-emmerich1@qtech.dev,pwd123
"Valentine Maggio",valentine_maggio@qtech.dev,pwd123
"Georgianna Hermann",georgianna_hermann41@qtech.dev,pwd123
"America Harber",america.harber8@qtech.dev,pwd123
"Ladarius Kilback",ladarius.kilback@qtech.dev,pwd123
"Cydney Ortiz",cydney.ortiz63@qtech.dev,pwd123
"Kimberly Franecki",kimberly.franecki@qtech.dev,pwd123
"Grayson Erdman",grayson.erdman@qtech.dev,pwd123
"Kieran Walker",kieran.walker54@qtech.dev,pwd123
"Cordia Conn",cordia_conn@qtech.dev,pwd123
"Archibald Schuppe",archibald.schuppe@qtech.dev,pwd123
"Delbert Barton-Streich",delbert.barton-streich@qtech.dev,pwd123
"Jan Bergstrom",jan.bergstrom@qtech.dev,pwd123
"Will Pfannerstill",will.pfannerstill@qtech.dev,pwd123
"Michel Bosco",michel.bosco@qtech.dev,pwd123
"Katherine Ziemann",katherine.ziemann19@qtech.dev,pwd123
"Gladys Swaniawski",gladys.swaniawski@qtech.dev,pwd123
"Bridie Davis",bridie.davis43@qtech.dev,pwd123
"Duane Block",duane.block@qtech.dev,pwd123
"Dominique Moore",dominique.moore@qtech.dev,pwd123
"Jerel Zboncak",jerel.zboncak43@qtech.dev,pwd123
"Clair VonRueden",clair_vonrueden@qtech.dev,pwd123
"Lurline Graham",lurline.graham@qtech.dev,pwd123
"Velma VonRueden",velma.vonrueden@qtech.dev,pwd123
"Amos Veum",amos_veum9@qtech.dev,pwd123
"Ottilie Dickens",ottilie.dickens@qtech.dev,pwd123
"Kiarra Corkery",kiarra_corkery85@qtech.dev,pwd123
"Demarcus Mayert",demarcus.mayert@qtech.dev,pwd123
"Savanna Cummings",savanna.cummings@qtech.dev,pwd123
"Morris Mosciski",morris.mosciski84@qtech.dev,pwd123
"Armand Hilll",armand.hilll51@qtech.dev,pwd123
"Helga Bartoletti",helga.bartoletti@qtech.dev,pwd123
"Emiliano Schaden",emiliano_schaden@qtech.dev,pwd123
"Andreanne Waelchi",andreanne_waelchi@qtech.dev,pwd123
"Vesta Reynolds",vesta_reynolds@qtech.dev,pwd123
"Mckayla Thiel-Luettgen",mckayla_thiel-luettgen24@qtech.dev,pwd123
"Donato Becker",donato.becker@qtech.dev,pwd123
"Laila Kovacek",laila.kovacek@qtech.dev,pwd123
"Cecil Leannon",cecil.leannon15@qtech.dev,pwd123
"Johathan Romaguera",johathan.romaguera70@qtech.dev,pwd123
"Royal Langosh",royal_langosh62@qtech.dev,pwd123
"Marlin McCullough",marlin.mccullough39@qtech.dev,pwd123
"Willis Yost",willis.yost46@qtech.dev,pwd123
"Celestine Mertz",celestine_mertz62@qtech.dev,pwd123
"Norene Crooks",norene.crooks@qtech.dev,pwd123
"Elvie Smitham",elvie_smitham25@qtech.dev,pwd123
"Waino Schaefer",waino_schaefer@qtech.dev,pwd123
"Retha Cummings",retha_cummings51@qtech.dev,pwd123
"Edyth Cartwright",edyth_cartwright@qtech.dev,pwd123
"Adrienne Franey",adrienne.franey58@qtech.dev,pwd123
"Shanel Kuhic",shanel.kuhic@qtech.dev,pwd123
"Leo Grimes",leo_grimes43@qtech.dev,pwd123
"Myrtis Armstrong",myrtis.armstrong@qtech.dev,pwd123
"Sim Treutel",sim_treutel@qtech.dev,pwd123
"Meredith Hartmann",meredith_hartmann@qtech.dev,pwd123
"Rodrigo Fadel",rodrigo.fadel@qtech.dev,pwd123
"Manuela Schmidt",manuela_schmidt4@qtech.dev,pwd123
"Dejon Herzog",dejon_herzog@qtech.dev,pwd123
"Kelsi Beer",kelsi_beer@qtech.dev,pwd123
"Kaley Botsford",kaley.botsford31@qtech.dev,pwd123
"Matilda Gorczany",matilda_gorczany69@qtech.dev,pwd123
"Juwan McLaughlin",juwan.mclaughlin74@qtech.dev,pwd123
"Janice Wiegand",janice_wiegand@qtech.dev,pwd123
"Nathaniel Stroman",nathaniel.stroman@qtech.dev,pwd123
"Mortimer Johns",mortimer_johns@qtech.dev,pwd123
"Hyman McLaughlin",hyman_mclaughlin@qtech.dev,pwd123
"Johnathan Keebler",johnathan.keebler70@qtech.dev,pwd123
"Abbie Harvey",abbie_harvey@qtech.dev,pwd123
"Giles Cummings",giles.cummings83@qtech.dev,pwd123
"Skylar Adams",skylar.adams62@qtech.dev,pwd123
"Lia Mertz",lia.mertz29@qtech.dev,pwd123
"Ward Hayes",ward.hayes94@qtech.dev,pwd123
"Donavon Toy",donavon_toy@qtech.dev,pwd123
"Serenity Wunsch",serenity.wunsch71@qtech.dev,pwd123
"Gunnar Howe",gunnar.howe@qtech.dev,pwd123
"Lavina Schowalter",lavina.schowalter@qtech.dev,pwd123
"Clement Mraz",clement.mraz67@qtech.dev,pwd123
"Valerie Schoen",valerie_schoen@qtech.dev,pwd123
"Garth D'Amore",garth.damore20@qtech.dev,pwd123
"Eveline Waelchi-Schinner",eveline_waelchi-schinner@qtech.dev,pwd123
"Emmalee Parisian",emmalee_parisian93@qtech.dev,pwd123
"Cathryn Stoltenberg-Turner",cathryn.stoltenberg-turner80@qtech.dev,pwd123
"Carolina Feeney",carolina_feeney76@qtech.dev,pwd123
"Zoey Pollich",zoey_pollich@qtech.dev,pwd123
"Rachelle Reichel",rachelle.reichel0@qtech.dev,pwd123
"Dock Breitenberg",dock_breitenberg@qtech.dev,pwd123
"Ethan Macejkovic",ethan_macejkovic38@qtech.dev,pwd123
"Rocio Veum",rocio.veum@qtech.dev,pwd123
"Annabell Fritsch",annabell_fritsch@qtech.dev,pwd123
"Isac Collier",isac.collier@qtech.dev,pwd123
"Minnie Bahringer",minnie.bahringer@qtech.dev,pwd123
"Providenci VonRueden",providenci.vonrueden@qtech.dev,pwd123
"Ike Wilderman",ike.wilderman65@qtech.dev,pwd123
"Amber Zieme",amber_zieme11@qtech.dev,pwd123
"Haleigh Kerluke",haleigh_kerluke@qtech.dev,pwd123
"Johnathon Lehner",johnathon.lehner13@qtech.dev,pwd123
"Ruthie Koelpin",ruthie_koelpin39@qtech.dev,pwd123
"Brianne Schowalter",brianne_schowalter@qtech.dev,pwd123
"Domenic Erdman",domenic.erdman76@qtech.dev,pwd123
"Parker Batz",parker.batz@qtech.dev,pwd123
"Claire Farrell-Yost",claire_farrell-yost@qtech.dev,pwd123
"Barney McClure",barney.mcclure@qtech.dev,pwd123
"Elnora Gorczany",elnora_gorczany@qtech.dev,pwd123
"Vito Heathcote",vito_heathcote@qtech.dev,pwd123
"Micaela Hickle",micaela_hickle@qtech.dev,pwd123
"Lauretta Kris",lauretta_kris@qtech.dev,pwd123
"Elbert Pouros",elbert.pouros@qtech.dev,pwd123
"Misty Schroeder",misty.schroeder40@qtech.dev,pwd123
"Rosie Quigley",rosie.quigley@qtech.dev,pwd123
"Willie Jacobi",willie.jacobi38@qtech.dev,pwd123
"Keara Cartwright",keara.cartwright@qtech.dev,pwd123
"Judd Schoen",judd_schoen20@qtech.dev,pwd123
"Kaitlin Zulauf",kaitlin.zulauf55@qtech.dev,pwd123
"Palma Johns",palma.johns@qtech.dev,pwd123
"Florine Padberg",florine_padberg68@qtech.dev,pwd123
"Ramona Erdman",ramona_erdman@qtech.dev,pwd123
"Gerardo Stokes",gerardo.stokes@qtech.dev,pwd123
"Jada Sawayn",jada_sawayn29@qtech.dev,pwd123
"Vincenza Bergstrom",vincenza_bergstrom@qtech.dev,pwd123
"Kristoffer O'Conner",kristoffer.oconner@qtech.dev,pwd123
"Emmet Fisher",emmet.fisher99@qtech.dev,pwd123
"Tyrel Glover",tyrel.glover41@qtech.dev,pwd123
"Madilyn Christiansen-Fahey",madilyn.christiansen-fahey@qtech.dev,pwd123
"Fanny Dicki",fanny_dicki@qtech.dev,pwd123
"Reuben Harvey",reuben_harvey42@qtech.dev,pwd123
"Nick Lowe-Harber",nick.lowe-harber79@qtech.dev,pwd123
"Ulices Gerlach",ulices.gerlach@qtech.dev,pwd123
"Myrl Rohan",myrl_rohan@qtech.dev,pwd123
"Shaylee Graham",shaylee.graham@qtech.dev,pwd123
"Hellen Hagenes",hellen_hagenes60@qtech.dev,pwd123
"Rebeka Hodkiewicz",rebeka_hodkiewicz@qtech.dev,pwd123
"Candida Kutch",candida_kutch@qtech.dev,pwd123
"Maryjane Feeney",maryjane.feeney31@qtech.dev,pwd123
"Luella Jacobson",luella.jacobson78@qtech.dev,pwd123
"Heath Mills",heath.mills@qtech.dev,pwd123
"Jordi Koelpin",jordi.koelpin45@qtech.dev,pwd123
"Jarred Frami",jarred.frami59@qtech.dev,pwd123
"Adrienne Johnson",adrienne_johnson@qtech.dev,pwd123
"Donato Kovacek",donato.kovacek@qtech.dev,pwd123
"Sonny Johnson",sonny.johnson@qtech.dev,pwd123
"Kadin Collins",kadin.collins@qtech.dev,pwd123
"Jazlyn Olson",jazlyn_olson53@qtech.dev,pwd123
"Woodrow Ebert",woodrow.ebert24@qtech.dev,pwd123
"Theodore Ortiz",theodore.ortiz@qtech.dev,pwd123
"Joe Emard",joe.emard@qtech.dev,pwd123
"Matilda Wuckert",matilda.wuckert@qtech.dev,pwd123
"Krystina Effertz-Reinger",krystina.effertz-reinger@qtech.dev,pwd123
"May Collier",may_collier@qtech.dev,pwd123
"Zion Lang",zion_lang51@qtech.dev,pwd123
"Freda Hamill",freda.hamill@qtech.dev,pwd123
"Alberta Abshire",alberta.abshire@qtech.dev,pwd123
"Gwendolyn Hettinger",gwendolyn_hettinger16@qtech.dev,pwd123
"Ignacio Greenfelder",ignacio_greenfelder19@qtech.dev,pwd123
"Brice Funk",brice.funk51@qtech.dev,pwd123
"Janiya Jakubowski",janiya.jakubowski@qtech.dev,pwd123
"Amos Kassulke",amos.kassulke29@qtech.dev,pwd123
"Kyle Donnelly",kyle.donnelly@qtech.dev,pwd123
"Russel Ryan",russel_ryan65@qtech.dev,pwd123
"Orion Walker",orion.walker72@qtech.dev,pwd123
"Marcus Shanahan-Ullrich",marcus_shanahan-ullrich@qtech.dev,pwd123
"Asha Labadie",asha.labadie@qtech.dev,pwd123
"Abigale Gleichner",abigale_gleichner52@qtech.dev,pwd123
"Lucinda Olson",lucinda_olson40@qtech.dev,pwd123
"Dylan Heidenreich",dylan_heidenreich96@qtech.dev,pwd123
"Emmalee Gerlach",emmalee.gerlach5@qtech.dev,pwd123
"Madisyn Moen-Moen",madisyn_moen-moen@qtech.dev,pwd123
"Clint Weissnat",clint_weissnat@qtech.dev,pwd123
"Johann Gleason",johann.gleason12@qtech.dev,pwd123
"Kaylah Mueller",kaylah_mueller32@qtech.dev,pwd123
"Evelyn Sipes",evelyn_sipes@qtech.dev,pwd123
"Furman Corwin",furman_corwin0@qtech.dev,pwd123
"Sarai Denesik",sarai_denesik@qtech.dev,pwd123
"Wilhelmine Weissnat",wilhelmine.weissnat@qtech.dev,pwd123
"Ismael Watsica",ismael.watsica@qtech.dev,pwd123
"Kobe Greenholt",kobe_greenholt50@qtech.dev,pwd123
"Kiley Brown",kiley_brown@qtech.dev,pwd123
"Aida Kling",aida.kling71@qtech.dev,pwd123
"Adam Kuhn",adam.kuhn@qtech.dev,pwd123
"Baby Anderson",baby.anderson44@qtech.dev,pwd123
"Henri Lang",henri_lang29@qtech.dev,pwd123
"Oren Cronin",oren.cronin6@qtech.dev,pwd123
"Pablo Stracke",pablo_stracke74@qtech.dev,pwd123
"Logan Moen",logan.moen83@qtech.dev,pwd123
"Andreanne Leannon",andreanne_leannon@qtech.dev,pwd123
"Johann Schmidt",johann.schmidt83@qtech.dev,pwd123
"Vicky Dicki",vicky_dicki6@qtech.dev,pwd123
"Nedra Runolfsdottir",nedra.runolfsdottir42@qtech.dev,pwd123
"Ludie Stanton",ludie.stanton50@qtech.dev,pwd123
"Sammy Muller",sammy_muller@qtech.dev,pwd123
"Gianni West",gianni_west@qtech.dev,pwd123
"Jany Beer",jany.beer89@qtech.dev,pwd123
"Michele Jacobs",michele_jacobs29@qtech.dev,pwd123
"Keshawn Braun",keshawn.braun@qtech.dev,pwd123
"Julian Langosh",julian.langosh@qtech.dev,pwd123
"Chaz Huels",chaz_huels76@qtech.dev,pwd123
"Keira Williamson",keira_williamson61@qtech.dev,pwd123
"Juana Tromp",juana.tromp99@qtech.dev,pwd123
"Madyson Bogisich",madyson_bogisich91@qtech.dev,pwd123
"Arielle Walter",arielle_walter@qtech.dev,pwd123
"Jamey Schinner",jamey.schinner@qtech.dev,pwd123
"Buck Kling",buck.kling37@qtech.dev,pwd123
"Priscilla Nicolas",priscilla.nicolas@qtech.dev,pwd123
"Louisa Dibbert",louisa_dibbert@qtech.dev,pwd123
"Kadin McCullough",kadin.mccullough@qtech.dev,pwd123
"Ike Altenwerth",ike_altenwerth@qtech.dev,pwd123
"Austyn Baumbach",austyn.baumbach@qtech.dev,pwd123
"Rosalinda Kreiger",rosalinda.kreiger@qtech.dev,pwd123
"Darrel Kiehn",darrel.kiehn77@qtech.dev,pwd123
"Madaline Jacobs",madaline.jacobs@qtech.dev,pwd123
"Manuel Kerluke",manuel.kerluke@qtech.dev,pwd123
"Skye Considine",skye.considine47@qtech.dev,pwd123
"Norwood Dickinson",norwood_dickinson@qtech.dev,pwd123
"Aleen Johns",aleen_johns6@qtech.dev,pwd123
"Sadye Wolff",sadye.wolff94@qtech.dev,pwd123
"Ophelia Emard",ophelia_emard@qtech.dev,pwd123
"Katharina Bahringer",katharina_bahringer48@qtech.dev,pwd123
"Nadia Frami",nadia.frami@qtech.dev,pwd123
"Liliana Trantow",liliana.trantow49@qtech.dev,pwd123
"Anna Kuvalis",anna.kuvalis@qtech.dev,pwd123
"Roscoe Nolan",roscoe.nolan@qtech.dev,pwd123
"Bridgette Schneider",bridgette.schneider21@qtech.dev,pwd123
"Emelie Kunze",emelie.kunze15@qtech.dev,pwd123
"Xander Herzog",xander_herzog@qtech.dev,pwd123
"Jaquan Heathcote",jaquan.heathcote2@qtech.dev,pwd123
